<annotation>
	<folder>JPEGImages</folder>
	<filename>GOPR0385_11_01_003109.png</filename>
	<path>C:\Users\pbw\Desktop\VOC2007\JPEGImages\GOPR0385_11_01_003109.png</path>
	<source>
		<database>Unknown</database>
	</source>
	<size>
		<width>1280</width>
		<height>720</height>
		<depth>3</depth>
	</size>
	<segmented>0</segmented>
	<object>
		<name>person</name>
		<pose>Unspecified</pose>
		<truncated>0</truncated>
		<difficult>0</difficult>
		<bndbox>
			<xmin>306</xmin>
			<ymin>440</ymin>
			<xmax>532</xmax>
			<ymax>651</ymax>
		</bndbox>
	</object>
	<object>
		<name>person</name>
		<pose>Unspecified</pose>
		<truncated>1</truncated>
		<difficult>0</difficult>
		<bndbox>
			<xmin>827</xmin>
			<ymin>475</ymin>
			<xmax>928</xmax>
			<ymax>720</ymax>
		</bndbox>
	</object>
	<object>
		<name>person</name>
		<pose>Unspecified</pose>
		<truncated>1</truncated>
		<difficult>0</difficult>
		<bndbox>
			<xmin>882</xmin>
			<ymin>320</ymin>
			<xmax>1109</xmax>
			<ymax>720</ymax>
		</bndbox>
	</object>
	<object>
		<name>handbag</name>
		<pose>Unspecified</pose>
		<truncated>0</truncated>
		<difficult>0</difficult>
		<bndbox>
			<xmin>956</xmin>
			<ymin>440</ymin>
			<xmax>1104</xmax>
			<ymax>684</ymax>
		</bndbox>
	</object>
	<object>
		<name>handbag</name>
		<pose>Unspecified</pose>
		<truncated>0</truncated>
		<difficult>0</difficult>
		<bndbox>
			<xmin>1122</xmin>
			<ymin>394</ymin>
			<xmax>1217</xmax>
			<ymax>486</ymax>
		</bndbox>
	</object>
	<object>
		<name>person</name>
		<pose>Unspecified</pose>
		<truncated>1</truncated>
		<difficult>0</difficult>
		<bndbox>
			<xmin>1031</xmin>
			<ymin>424</ymin>
			<xmax>1137</xmax>
			<ymax>720</ymax>
		</bndbox>
	</object>
	<object>
		<name>person</name>
		<pose>Unspecified</pose>
		<truncated>1</truncated>
		<difficult>0</difficult>
		<bndbox>
			<xmin>1061</xmin>
			<ymin>290</ymin>
			<xmax>1214</xmax>
			<ymax>720</ymax>
		</bndbox>
	</object>
</annotation>
