<annotation>
	<folder>JPEGImages</folder>
	<filename>GOPR0385_11_01_003056.png</filename>
	<path>C:\Users\pbw\Desktop\VOC2007\JPEGImages\GOPR0385_11_01_003056.png</path>
	<source>
		<database>Unknown</database>
	</source>
	<size>
		<width>1280</width>
		<height>720</height>
		<depth>3</depth>
	</size>
	<segmented>0</segmented>
	<object>
		<name>person</name>
		<pose>Unspecified</pose>
		<truncated>1</truncated>
		<difficult>0</difficult>
		<bndbox>
			<xmin>9</xmin>
			<ymin>400</ymin>
			<xmax>268</xmax>
			<ymax>720</ymax>
		</bndbox>
	</object>
	<object>
		<name>person</name>
		<pose>Unspecified</pose>
		<truncated>1</truncated>
		<difficult>0</difficult>
		<bndbox>
			<xmin>879</xmin>
			<ymin>306</ymin>
			<xmax>1138</xmax>
			<ymax>720</ymax>
		</bndbox>
	</object>
	<object>
		<name>person</name>
		<pose>Unspecified</pose>
		<truncated>1</truncated>
		<difficult>0</difficult>
		<bndbox>
			<xmin>1003</xmin>
			<ymin>274</ymin>
			<xmax>1160</xmax>
			<ymax>720</ymax>
		</bndbox>
	</object>
</annotation>
