<annotation>
	<folder>JPEGImages</folder>
	<filename>GOPR0385_11_01_003047.png</filename>
	<path>C:\Users\pbw\Desktop\VOC2007\JPEGImages\GOPR0385_11_01_003047.png</path>
	<source>
		<database>Unknown</database>
	</source>
	<size>
		<width>1280</width>
		<height>720</height>
		<depth>3</depth>
	</size>
	<segmented>0</segmented>
	<object>
		<name>person</name>
		<pose>Unspecified</pose>
		<truncated>1</truncated>
		<difficult>0</difficult>
		<bndbox>
			<xmin>627</xmin>
			<ymin>354</ymin>
			<xmax>855</xmax>
			<ymax>720</ymax>
		</bndbox>
	</object>
	<object>
		<name>person</name>
		<pose>Unspecified</pose>
		<truncated>1</truncated>
		<difficult>0</difficult>
		<bndbox>
			<xmin>761</xmin>
			<ymin>301</ymin>
			<xmax>936</xmax>
			<ymax>720</ymax>
		</bndbox>
	</object>
	<object>
		<name>person</name>
		<pose>Unspecified</pose>
		<truncated>1</truncated>
		<difficult>0</difficult>
		<bndbox>
			<xmin>727</xmin>
			<ymin>297</ymin>
			<xmax>961</xmax>
			<ymax>720</ymax>
		</bndbox>
	</object>
</annotation>
