<annotation>
	<folder>JPEGImages</folder>
	<filename>GOPR0410_11_00_000221.png</filename>
	<path>C:\Users\pbw\Desktop\VOC2007\JPEGImages\GOPR0410_11_00_000221.png</path>
	<source>
		<database>Unknown</database>
	</source>
	<size>
		<width>1280</width>
		<height>720</height>
		<depth>3</depth>
	</size>
	<segmented>0</segmented>
	<object>
		<name>truck</name>
		<pose>Unspecified</pose>
		<truncated>0</truncated>
		<difficult>0</difficult>
		<bndbox>
			<xmin>79</xmin>
			<ymin>349</ymin>
			<xmax>544</xmax>
			<ymax>543</ymax>
		</bndbox>
	</object>
	<object>
		<name>car</name>
		<pose>Unspecified</pose>
		<truncated>1</truncated>
		<difficult>0</difficult>
		<bndbox>
			<xmin>3</xmin>
			<ymin>470</ymin>
			<xmax>657</xmax>
			<ymax>720</ymax>
		</bndbox>
	</object>
	<object>
		<name>car</name>
		<pose>Unspecified</pose>
		<truncated>1</truncated>
		<difficult>0</difficult>
		<bndbox>
			<xmin>381</xmin>
			<ymin>458</ymin>
			<xmax>1153</xmax>
			<ymax>720</ymax>
		</bndbox>
	</object>
	<object>
		<name>car</name>
		<pose>Unspecified</pose>
		<truncated>0</truncated>
		<difficult>0</difficult>
		<bndbox>
			<xmin>891</xmin>
			<ymin>410</ymin>
			<xmax>1166</xmax>
			<ymax>551</ymax>
		</bndbox>
	</object>
	<object>
		<name>car</name>
		<pose>Unspecified</pose>
		<truncated>1</truncated>
		<difficult>0</difficult>
		<bndbox>
			<xmin>953</xmin>
			<ymin>456</ymin>
			<xmax>1280</xmax>
			<ymax>669</ymax>
		</bndbox>
	</object>
	<object>
		<name>potted plant</name>
		<pose>Unspecified</pose>
		<truncated>1</truncated>
		<difficult>0</difficult>
		<bndbox>
			<xmin>1</xmin>
			<ymin>495</ymin>
			<xmax>111</xmax>
			<ymax>575</ymax>
		</bndbox>
	</object>
	<object>
		<name>potted plant</name>
		<pose>Unspecified</pose>
		<truncated>0</truncated>
		<difficult>0</difficult>
		<bndbox>
			<xmin>742</xmin>
			<ymin>470</ymin>
			<xmax>892</xmax>
			<ymax>558</ymax>
		</bndbox>
	</object>
</annotation>
