<annotation>
	<folder>JPEGImages</folder>
	<filename>GOPR0410_11_00_000154.png</filename>
	<path>C:\Users\pbw\Desktop\VOC2007\JPEGImages\GOPR0410_11_00_000154.png</path>
	<source>
		<database>Unknown</database>
	</source>
	<size>
		<width>1280</width>
		<height>720</height>
		<depth>3</depth>
	</size>
	<segmented>0</segmented>
	<object>
		<name>person</name>
		<pose>Unspecified</pose>
		<truncated>0</truncated>
		<difficult>0</difficult>
		<bndbox>
			<xmin>838</xmin>
			<ymin>427</ymin>
			<xmax>903</xmax>
			<ymax>588</ymax>
		</bndbox>
	</object>
	<object>
		<name>person</name>
		<pose>Unspecified</pose>
		<truncated>0</truncated>
		<difficult>0</difficult>
		<bndbox>
			<xmin>638</xmin>
			<ymin>443</ymin>
			<xmax>672</xmax>
			<ymax>512</ymax>
		</bndbox>
	</object>
	<object>
		<name>person</name>
		<pose>Unspecified</pose>
		<truncated>0</truncated>
		<difficult>0</difficult>
		<bndbox>
			<xmin>669</xmin>
			<ymin>438</ymin>
			<xmax>697</xmax>
			<ymax>506</ymax>
		</bndbox>
	</object>
	<object>
		<name>car</name>
		<pose>Unspecified</pose>
		<truncated>0</truncated>
		<difficult>0</difficult>
		<bndbox>
			<xmin>946</xmin>
			<ymin>436</ymin>
			<xmax>1140</xmax>
			<ymax>573</ymax>
		</bndbox>
	</object>
	<object>
		<name>truck</name>
		<pose>Unspecified</pose>
		<truncated>1</truncated>
		<difficult>0</difficult>
		<bndbox>
			<xmin>1113</xmin>
			<ymin>432</ymin>
			<xmax>1280</xmax>
			<ymax>562</ymax>
		</bndbox>
	</object>
	<object>
		<name>bus</name>
		<pose>Unspecified</pose>
		<truncated>1</truncated>
		<difficult>0</difficult>
		<bndbox>
			<xmin>985</xmin>
			<ymin>380</ymin>
			<xmax>1280</xmax>
			<ymax>508</ymax>
		</bndbox>
	</object>
	<object>
		<name>umbrella</name>
		<pose>Unspecified</pose>
		<truncated>0</truncated>
		<difficult>0</difficult>
		<bndbox>
			<xmin>802</xmin>
			<ymin>362</ymin>
			<xmax>1009</xmax>
			<ymax>452</ymax>
		</bndbox>
	</object>
	<object>
		<name>chair</name>
		<pose>Unspecified</pose>
		<truncated>0</truncated>
		<difficult>0</difficult>
		<bndbox>
			<xmin>908</xmin>
			<ymin>516</ymin>
			<xmax>986</xmax>
			<ymax>600</ymax>
		</bndbox>
	</object>
	<object>
		<name>chair</name>
		<pose>Unspecified</pose>
		<truncated>0</truncated>
		<difficult>0</difficult>
		<bndbox>
			<xmin>946</xmin>
			<ymin>504</ymin>
			<xmax>1019</xmax>
			<ymax>594</ymax>
		</bndbox>
	</object>
	<object>
		<name>potted plant</name>
		<pose>Unspecified</pose>
		<truncated>0</truncated>
		<difficult>0</difficult>
		<bndbox>
			<xmin>178</xmin>
			<ymin>463</ymin>
			<xmax>260</xmax>
			<ymax>621</ymax>
		</bndbox>
	</object>
	<object>
		<name>potted plant</name>
		<pose>Unspecified</pose>
		<truncated>0</truncated>
		<difficult>0</difficult>
		<bndbox>
			<xmin>262</xmin>
			<ymin>486</ymin>
			<xmax>356</xmax>
			<ymax>619</ymax>
		</bndbox>
	</object>
	<object>
		<name>potted plant</name>
		<pose>Unspecified</pose>
		<truncated>0</truncated>
		<difficult>0</difficult>
		<bndbox>
			<xmin>332</xmin>
			<ymin>533</ymin>
			<xmax>482</xmax>
			<ymax>654</ymax>
		</bndbox>
	</object>
	<object>
		<name>potted plant</name>
		<pose>Unspecified</pose>
		<truncated>0</truncated>
		<difficult>0</difficult>
		<bndbox>
			<xmin>419</xmin>
			<ymin>412</ymin>
			<xmax>693</xmax>
			<ymax>602</ymax>
		</bndbox>
	</object>
</annotation>
