<annotation>
	<folder>JPEGImages</folder>
	<filename>GOPR0410_11_00_000217.png</filename>
	<path>C:\Users\pbw\Desktop\VOC2007\JPEGImages\GOPR0410_11_00_000217.png</path>
	<source>
		<database>Unknown</database>
	</source>
	<size>
		<width>1280</width>
		<height>720</height>
		<depth>3</depth>
	</size>
	<segmented>0</segmented>
	<object>
		<name>truck</name>
		<pose>Unspecified</pose>
		<truncated>0</truncated>
		<difficult>0</difficult>
		<bndbox>
			<xmin>160</xmin>
			<ymin>377</ymin>
			<xmax>675</xmax>
			<ymax>548</ymax>
		</bndbox>
	</object>
	<object>
		<name>car</name>
		<pose>Unspecified</pose>
		<truncated>1</truncated>
		<difficult>0</difficult>
		<bndbox>
			<xmin>72</xmin>
			<ymin>485</ymin>
			<xmax>911</xmax>
			<ymax>720</ymax>
		</bndbox>
	</object>
	<object>
		<name>car</name>
		<pose>Unspecified</pose>
		<truncated>1</truncated>
		<difficult>0</difficult>
		<bndbox>
			<xmin>628</xmin>
			<ymin>462</ymin>
			<xmax>1280</xmax>
			<ymax>720</ymax>
		</bndbox>
	</object>
	<object>
		<name>car</name>
		<pose>Unspecified</pose>
		<truncated>1</truncated>
		<difficult>0</difficult>
		<bndbox>
			<xmin>1070</xmin>
			<ymin>481</ymin>
			<xmax>1280</xmax>
			<ymax>630</ymax>
		</bndbox>
	</object>
	<object>
		<name>car</name>
		<pose>Unspecified</pose>
		<truncated>0</truncated>
		<difficult>0</difficult>
		<bndbox>
			<xmin>933</xmin>
			<ymin>428</ymin>
			<xmax>1234</xmax>
			<ymax>530</ymax>
		</bndbox>
	</object>
	<object>
		<name>potted plant</name>
		<pose>Unspecified</pose>
		<truncated>0</truncated>
		<difficult>0</difficult>
		<bndbox>
			<xmin>95</xmin>
			<ymin>480</ymin>
			<xmax>243</xmax>
			<ymax>587</ymax>
		</bndbox>
	</object>
</annotation>
