<annotation>
	<folder>JPEGImages</folder>
	<filename>GOPR0410_11_00_000222.png</filename>
	<path>C:\Users\pbw\Desktop\VOC2007\JPEGImages\GOPR0410_11_00_000222.png</path>
	<source>
		<database>Unknown</database>
	</source>
	<size>
		<width>1280</width>
		<height>720</height>
		<depth>3</depth>
	</size>
	<segmented>0</segmented>
	<object>
		<name>truck</name>
		<pose>Unspecified</pose>
		<truncated>0</truncated>
		<difficult>0</difficult>
		<bndbox>
			<xmin>35</xmin>
			<ymin>344</ymin>
			<xmax>525</xmax>
			<ymax>551</ymax>
		</bndbox>
	</object>
	<object>
		<name>car</name>
		<pose>Unspecified</pose>
		<truncated>1</truncated>
		<difficult>0</difficult>
		<bndbox>
			<xmin>1</xmin>
			<ymin>480</ymin>
			<xmax>604</xmax>
			<ymax>718</ymax>
		</bndbox>
	</object>
	<object>
		<name>car</name>
		<pose>Unspecified</pose>
		<truncated>1</truncated>
		<difficult>0</difficult>
		<bndbox>
			<xmin>306</xmin>
			<ymin>458</ymin>
			<xmax>1093</xmax>
			<ymax>720</ymax>
		</bndbox>
	</object>
	<object>
		<name>car</name>
		<pose>Unspecified</pose>
		<truncated>1</truncated>
		<difficult>0</difficult>
		<bndbox>
			<xmin>914</xmin>
			<ymin>465</ymin>
			<xmax>1280</xmax>
			<ymax>681</ymax>
		</bndbox>
	</object>
	<object>
		<name>car</name>
		<pose>Unspecified</pose>
		<truncated>0</truncated>
		<difficult>0</difficult>
		<bndbox>
			<xmin>840</xmin>
			<ymin>422</ymin>
			<xmax>1161</xmax>
			<ymax>533</ymax>
		</bndbox>
	</object>
	<object>
		<name>car</name>
		<pose>Unspecified</pose>
		<truncated>1</truncated>
		<difficult>0</difficult>
		<bndbox>
			<xmin>1125</xmin>
			<ymin>396</ymin>
			<xmax>1280</xmax>
			<ymax>508</ymax>
		</bndbox>
	</object>
	<object>
		<name>potted plant</name>
		<pose>Unspecified</pose>
		<truncated>0</truncated>
		<difficult>0</difficult>
		<bndbox>
			<xmin>702</xmin>
			<ymin>467</ymin>
			<xmax>864</xmax>
			<ymax>547</ymax>
		</bndbox>
	</object>
</annotation>
