<annotation>
	<folder>JPEGImages</folder>
	<filename>GOPR0385_11_01_003057.png</filename>
	<path>C:\Users\pbw\Desktop\VOC2007\JPEGImages\GOPR0385_11_01_003057.png</path>
	<source>
		<database>Unknown</database>
	</source>
	<size>
		<width>1280</width>
		<height>720</height>
		<depth>3</depth>
	</size>
	<segmented>0</segmented>
	<object>
		<name>person</name>
		<pose>Unspecified</pose>
		<truncated>1</truncated>
		<difficult>0</difficult>
		<bndbox>
			<xmin>33</xmin>
			<ymin>390</ymin>
			<xmax>298</xmax>
			<ymax>720</ymax>
		</bndbox>
	</object>
	<object>
		<name>person</name>
		<pose>Unspecified</pose>
		<truncated>1</truncated>
		<difficult>0</difficult>
		<bndbox>
			<xmin>906</xmin>
			<ymin>311</ymin>
			<xmax>1180</xmax>
			<ymax>720</ymax>
		</bndbox>
	</object>
	<object>
		<name>person</name>
		<pose>Unspecified</pose>
		<truncated>1</truncated>
		<difficult>0</difficult>
		<bndbox>
			<xmin>1029</xmin>
			<ymin>268</ymin>
			<xmax>1213</xmax>
			<ymax>720</ymax>
		</bndbox>
	</object>
</annotation>
