<annotation>
	<folder>JPEGImages</folder>
	<filename>GOPR0410_11_00_000164.png</filename>
	<path>C:\Users\pbw\Desktop\VOC2007\JPEGImages\GOPR0410_11_00_000164.png</path>
	<source>
		<database>Unknown</database>
	</source>
	<size>
		<width>1280</width>
		<height>720</height>
		<depth>3</depth>
	</size>
	<segmented>0</segmented>
	<object>
		<name>person</name>
		<pose>Unspecified</pose>
		<truncated>0</truncated>
		<difficult>0</difficult>
		<bndbox>
			<xmin>285</xmin>
			<ymin>428</ymin>
			<xmax>320</xmax>
			<ymax>504</ymax>
		</bndbox>
	</object>
	<object>
		<name>person</name>
		<pose>Unspecified</pose>
		<truncated>0</truncated>
		<difficult>0</difficult>
		<bndbox>
			<xmin>317</xmin>
			<ymin>425</ymin>
			<xmax>345</xmax>
			<ymax>504</ymax>
		</bndbox>
	</object>
	<object>
		<name>person</name>
		<pose>Unspecified</pose>
		<truncated>0</truncated>
		<difficult>0</difficult>
		<bndbox>
			<xmin>699</xmin>
			<ymin>423</ymin>
			<xmax>766</xmax>
			<ymax>595</ymax>
		</bndbox>
	</object>
	<object>
		<name>car</name>
		<pose>Unspecified</pose>
		<truncated>0</truncated>
		<difficult>0</difficult>
		<bndbox>
			<xmin>830</xmin>
			<ymin>434</ymin>
			<xmax>1050</xmax>
			<ymax>594</ymax>
		</bndbox>
	</object>
	<object>
		<name>truck</name>
		<pose>Unspecified</pose>
		<truncated>1</truncated>
		<difficult>0</difficult>
		<bndbox>
			<xmin>1052</xmin>
			<ymin>408</ymin>
			<xmax>1280</xmax>
			<ymax>586</ymax>
		</bndbox>
	</object>
	<object>
		<name>bus</name>
		<pose>Unspecified</pose>
		<truncated>0</truncated>
		<difficult>0</difficult>
		<bndbox>
			<xmin>831</xmin>
			<ymin>364</ymin>
			<xmax>1247</xmax>
			<ymax>549</ymax>
		</bndbox>
	</object>
	<object>
		<name>umbrella</name>
		<pose>Unspecified</pose>
		<truncated>0</truncated>
		<difficult>0</difficult>
		<bndbox>
			<xmin>650</xmin>
			<ymin>353</ymin>
			<xmax>859</xmax>
			<ymax>443</ymax>
		</bndbox>
	</object>
	<object>
		<name>chair</name>
		<pose>Unspecified</pose>
		<truncated>0</truncated>
		<difficult>0</difficult>
		<bndbox>
			<xmin>769</xmin>
			<ymin>512</ymin>
			<xmax>846</xmax>
			<ymax>607</ymax>
		</bndbox>
	</object>
	<object>
		<name>chair</name>
		<pose>Unspecified</pose>
		<truncated>0</truncated>
		<difficult>0</difficult>
		<bndbox>
			<xmin>822</xmin>
			<ymin>503</ymin>
			<xmax>887</xmax>
			<ymax>609</ymax>
		</bndbox>
	</object>
	<object>
		<name>potted plant</name>
		<pose>Unspecified</pose>
		<truncated>0</truncated>
		<difficult>0</difficult>
		<bndbox>
			<xmin>3</xmin>
			<ymin>484</ymin>
			<xmax>61</xmax>
			<ymax>590</ymax>
		</bndbox>
	</object>
	<object>
		<name>potted plant</name>
		<pose>Unspecified</pose>
		<truncated>0</truncated>
		<difficult>0</difficult>
		<bndbox>
			<xmin>22</xmin>
			<ymin>505</ymin>
			<xmax>108</xmax>
			<ymax>610</ymax>
		</bndbox>
	</object>
	<object>
		<name>potted plant</name>
		<pose>Unspecified</pose>
		<truncated>0</truncated>
		<difficult>0</difficult>
		<bndbox>
			<xmin>75</xmin>
			<ymin>531</ymin>
			<xmax>217</xmax>
			<ymax>664</ymax>
		</bndbox>
	</object>
	<object>
		<name>potted plant</name>
		<pose>Unspecified</pose>
		<truncated>0</truncated>
		<difficult>0</difficult>
		<bndbox>
			<xmin>221</xmin>
			<ymin>449</ymin>
			<xmax>526</xmax>
			<ymax>615</ymax>
		</bndbox>
	</object>
</annotation>
