<annotation>
	<folder>JPEGImages</folder>
	<filename>GOPR0384_11_00_000044.png</filename>
	<path>C:\Users\pbw\Desktop\VOC2007\JPEGImages\GOPR0384_11_00_000044.png</path>
	<source>
		<database>Unknown</database>
	</source>
	<size>
		<width>1280</width>
		<height>720</height>
		<depth>3</depth>
	</size>
	<segmented>0</segmented>
	<object>
		<name>personw</name>
		<pose>Unspecified</pose>
		<truncated>1</truncated>
		<difficult>0</difficult>
		<bndbox>
			<xmin>161</xmin>
			<ymin>411</ymin>
			<xmax>327</xmax>
			<ymax>720</ymax>
		</bndbox>
	</object>
	<object>
		<name>personw</name>
		<pose>Unspecified</pose>
		<truncated>0</truncated>
		<difficult>0</difficult>
		<bndbox>
			<xmin>79</xmin>
			<ymin>341</ymin>
			<xmax>146</xmax>
			<ymax>645</ymax>
		</bndbox>
	</object>
	<object>
		<name>personw</name>
		<pose>Unspecified</pose>
		<truncated>0</truncated>
		<difficult>0</difficult>
		<bndbox>
			<xmin>65</xmin>
			<ymin>333</ymin>
			<xmax>108</xmax>
			<ymax>623</ymax>
		</bndbox>
	</object>
	<object>
		<name>personw</name>
		<pose>Unspecified</pose>
		<truncated>0</truncated>
		<difficult>0</difficult>
		<bndbox>
			<xmin>3</xmin>
			<ymin>311</ymin>
			<xmax>22</xmax>
			<ymax>411</ymax>
		</bndbox>
	</object>
	<object>
		<name>personw</name>
		<pose>Unspecified</pose>
		<truncated>0</truncated>
		<difficult>0</difficult>
		<bndbox>
			<xmin>123</xmin>
			<ymin>311</ymin>
			<xmax>151</xmax>
			<ymax>415</ymax>
		</bndbox>
	</object>
	<object>
		<name>personw</name>
		<pose>Unspecified</pose>
		<truncated>0</truncated>
		<difficult>0</difficult>
		<bndbox>
			<xmin>148</xmin>
			<ymin>298</ymin>
			<xmax>192</xmax>
			<ymax>459</ymax>
		</bndbox>
	</object>
	<object>
		<name>personw</name>
		<pose>Unspecified</pose>
		<truncated>0</truncated>
		<difficult>0</difficult>
		<bndbox>
			<xmin>278</xmin>
			<ymin>327</ymin>
			<xmax>310</xmax>
			<ymax>413</ymax>
		</bndbox>
	</object>
	<object>
		<name>personw</name>
		<pose>Unspecified</pose>
		<truncated>0</truncated>
		<difficult>0</difficult>
		<bndbox>
			<xmin>311</xmin>
			<ymin>337</ymin>
			<xmax>379</xmax>
			<ymax>550</ymax>
		</bndbox>
	</object>
	<object>
		<name>backpack</name>
		<pose>Unspecified</pose>
		<truncated>0</truncated>
		<difficult>0</difficult>
		<bndbox>
			<xmin>343</xmin>
			<ymin>349</ymin>
			<xmax>375</xmax>
			<ymax>433</ymax>
		</bndbox>
	</object>
	<object>
		<name>personw</name>
		<pose>Unspecified</pose>
		<truncated>0</truncated>
		<difficult>0</difficult>
		<bndbox>
			<xmin>443</xmin>
			<ymin>287</ymin>
			<xmax>500</xmax>
			<ymax>528</ymax>
		</bndbox>
	</object>
	<object>
		<name>personw</name>
		<pose>Unspecified</pose>
		<truncated>0</truncated>
		<difficult>0</difficult>
		<bndbox>
			<xmin>556</xmin>
			<ymin>302</ymin>
			<xmax>632</xmax>
			<ymax>532</ymax>
		</bndbox>
	</object>
	<object>
		<name>backpack</name>
		<pose>Unspecified</pose>
		<truncated>0</truncated>
		<difficult>0</difficult>
		<bndbox>
			<xmin>583</xmin>
			<ymin>346</ymin>
			<xmax>630</xmax>
			<ymax>412</ymax>
		</bndbox>
	</object>
	<object>
		<name>personw</name>
		<pose>Unspecified</pose>
		<truncated>0</truncated>
		<difficult>0</difficult>
		<bndbox>
			<xmin>242</xmin>
			<ymin>309</ymin>
			<xmax>279</xmax>
			<ymax>402</ymax>
		</bndbox>
	</object>
	<object>
		<name>personw</name>
		<pose>Unspecified</pose>
		<truncated>0</truncated>
		<difficult>0</difficult>
		<bndbox>
			<xmin>348</xmin>
			<ymin>315</ymin>
			<xmax>373</xmax>
			<ymax>389</ymax>
		</bndbox>
	</object>
	<object>
		<name>personw</name>
		<pose>Unspecified</pose>
		<truncated>0</truncated>
		<difficult>0</difficult>
		<bndbox>
			<xmin>376</xmin>
			<ymin>305</ymin>
			<xmax>396</xmax>
			<ymax>401</ymax>
		</bndbox>
	</object>
	<object>
		<name>personw</name>
		<pose>Unspecified</pose>
		<truncated>0</truncated>
		<difficult>0</difficult>
		<bndbox>
			<xmin>399</xmin>
			<ymin>316</ymin>
			<xmax>411</xmax>
			<ymax>402</ymax>
		</bndbox>
	</object>
	<object>
		<name>personw</name>
		<pose>Unspecified</pose>
		<truncated>0</truncated>
		<difficult>0</difficult>
		<bndbox>
			<xmin>414</xmin>
			<ymin>309</ymin>
			<xmax>426</xmax>
			<ymax>401</ymax>
		</bndbox>
	</object>
	<object>
		<name>personw</name>
		<pose>Unspecified</pose>
		<truncated>0</truncated>
		<difficult>0</difficult>
		<bndbox>
			<xmin>430</xmin>
			<ymin>297</ymin>
			<xmax>458</xmax>
			<ymax>358</ymax>
		</bndbox>
	</object>
	<object>
		<name>personw</name>
		<pose>Unspecified</pose>
		<truncated>0</truncated>
		<difficult>0</difficult>
		<bndbox>
			<xmin>480</xmin>
			<ymin>314</ymin>
			<xmax>499</xmax>
			<ymax>344</ymax>
		</bndbox>
	</object>
	<object>
		<name>personw</name>
		<pose>Unspecified</pose>
		<truncated>0</truncated>
		<difficult>0</difficult>
		<bndbox>
			<xmin>494</xmin>
			<ymin>298</ymin>
			<xmax>507</xmax>
			<ymax>325</ymax>
		</bndbox>
	</object>
	<object>
		<name>personw</name>
		<pose>Unspecified</pose>
		<truncated>0</truncated>
		<difficult>0</difficult>
		<bndbox>
			<xmin>501</xmin>
			<ymin>307</ymin>
			<xmax>513</xmax>
			<ymax>319</ymax>
		</bndbox>
	</object>
	<object>
		<name>personw</name>
		<pose>Unspecified</pose>
		<truncated>0</truncated>
		<difficult>0</difficult>
		<bndbox>
			<xmin>516</xmin>
			<ymin>304</ymin>
			<xmax>526</xmax>
			<ymax>322</ymax>
		</bndbox>
	</object>
	<object>
		<name>personw</name>
		<pose>Unspecified</pose>
		<truncated>0</truncated>
		<difficult>0</difficult>
		<bndbox>
			<xmin>543</xmin>
			<ymin>310</ymin>
			<xmax>560</xmax>
			<ymax>333</ymax>
		</bndbox>
	</object>
	<object>
		<name>personw</name>
		<pose>Unspecified</pose>
		<truncated>0</truncated>
		<difficult>0</difficult>
		<bndbox>
			<xmin>622</xmin>
			<ymin>359</ymin>
			<xmax>664</xmax>
			<ymax>418</ymax>
		</bndbox>
	</object>
	<object>
		<name>personw</name>
		<pose>Unspecified</pose>
		<truncated>0</truncated>
		<difficult>0</difficult>
		<bndbox>
			<xmin>672</xmin>
			<ymin>321</ymin>
			<xmax>731</xmax>
			<ymax>531</ymax>
		</bndbox>
	</object>
	<object>
		<name>personw</name>
		<pose>Unspecified</pose>
		<truncated>0</truncated>
		<difficult>0</difficult>
		<bndbox>
			<xmin>748</xmin>
			<ymin>317</ymin>
			<xmax>790</xmax>
			<ymax>389</ymax>
		</bndbox>
	</object>
	<object>
		<name>personw</name>
		<pose>Unspecified</pose>
		<truncated>0</truncated>
		<difficult>0</difficult>
		<bndbox>
			<xmin>789</xmin>
			<ymin>283</ymin>
			<xmax>811</xmax>
			<ymax>390</ymax>
		</bndbox>
	</object>
	<object>
		<name>personw</name>
		<pose>Unspecified</pose>
		<truncated>0</truncated>
		<difficult>0</difficult>
		<bndbox>
			<xmin>841</xmin>
			<ymin>317</ymin>
			<xmax>877</xmax>
			<ymax>486</ymax>
		</bndbox>
	</object>
	<object>
		<name>personw</name>
		<pose>Unspecified</pose>
		<truncated>0</truncated>
		<difficult>0</difficult>
		<bndbox>
			<xmin>815</xmin>
			<ymin>292</ymin>
			<xmax>836</xmax>
			<ymax>462</ymax>
		</bndbox>
	</object>
	<object>
		<name>personw</name>
		<pose>Unspecified</pose>
		<truncated>0</truncated>
		<difficult>0</difficult>
		<bndbox>
			<xmin>862</xmin>
			<ymin>282</ymin>
			<xmax>898</xmax>
			<ymax>446</ymax>
		</bndbox>
	</object>
	<object>
		<name>personw</name>
		<pose>Unspecified</pose>
		<truncated>0</truncated>
		<difficult>0</difficult>
		<bndbox>
			<xmin>831</xmin>
			<ymin>286</ymin>
			<xmax>850</xmax>
			<ymax>306</ymax>
		</bndbox>
	</object>
	<object>
		<name>personw</name>
		<pose>Unspecified</pose>
		<truncated>0</truncated>
		<difficult>0</difficult>
		<bndbox>
			<xmin>960</xmin>
			<ymin>282</ymin>
			<xmax>1029</xmax>
			<ymax>468</ymax>
		</bndbox>
	</object>
	<object>
		<name>personw</name>
		<pose>Unspecified</pose>
		<truncated>0</truncated>
		<difficult>0</difficult>
		<bndbox>
			<xmin>1075</xmin>
			<ymin>292</ymin>
			<xmax>1135</xmax>
			<ymax>519</ymax>
		</bndbox>
	</object>
	<object>
		<name>personw</name>
		<pose>Unspecified</pose>
		<truncated>0</truncated>
		<difficult>0</difficult>
		<bndbox>
			<xmin>1084</xmin>
			<ymin>338</ymin>
			<xmax>1238</xmax>
			<ymax>613</ymax>
		</bndbox>
	</object>
	<object>
		<name>personw</name>
		<pose>Unspecified</pose>
		<truncated>0</truncated>
		<difficult>0</difficult>
		<bndbox>
			<xmin>1152</xmin>
			<ymin>296</ymin>
			<xmax>1194</xmax>
			<ymax>461</ymax>
		</bndbox>
	</object>
	<object>
		<name>personw</name>
		<pose>Unspecified</pose>
		<truncated>0</truncated>
		<difficult>0</difficult>
		<bndbox>
			<xmin>1188</xmin>
			<ymin>303</ymin>
			<xmax>1220</xmax>
			<ymax>468</ymax>
		</bndbox>
	</object>
	<object>
		<name>personw</name>
		<pose>Unspecified</pose>
		<truncated>0</truncated>
		<difficult>0</difficult>
		<bndbox>
			<xmin>1217</xmin>
			<ymin>291</ymin>
			<xmax>1258</xmax>
			<ymax>471</ymax>
		</bndbox>
	</object>
	<object>
		<name>chair</name>
		<pose>Unspecified</pose>
		<truncated>0</truncated>
		<difficult>0</difficult>
		<bndbox>
			<xmin>597</xmin>
			<ymin>405</ymin>
			<xmax>672</xmax>
			<ymax>507</ymax>
		</bndbox>
	</object>
	<object>
		<name>umbrella</name>
		<pose>Unspecified</pose>
		<truncated>0</truncated>
		<difficult>0</difficult>
		<bndbox>
			<xmin>581</xmin>
			<ymin>229</ymin>
			<xmax>810</xmax>
			<ymax>302</ymax>
		</bndbox>
	</object>
	<object>
		<name>umbrella</name>
		<pose>Unspecified</pose>
		<truncated>0</truncated>
		<difficult>0</difficult>
		<bndbox>
			<xmin>141</xmin>
			<ymin>262</ymin>
			<xmax>291</xmax>
			<ymax>301</ymax>
		</bndbox>
	</object>
	<object>
		<name>backpack</name>
		<pose>Unspecified</pose>
		<truncated>0</truncated>
		<difficult>0</difficult>
		<bndbox>
			<xmin>970</xmin>
			<ymin>327</ymin>
			<xmax>1002</xmax>
			<ymax>385</ymax>
		</bndbox>
	</object>
	<object>
		<name>backpack</name>
		<pose>Unspecified</pose>
		<truncated>0</truncated>
		<difficult>0</difficult>
		<bndbox>
			<xmin>1100</xmin>
			<ymin>386</ymin>
			<xmax>1157</xmax>
			<ymax>504</ymax>
		</bndbox>
	</object>
	<object>
		<name>car</name>
		<pose>Unspecified</pose>
		<truncated>0</truncated>
		<difficult>0</difficult>
		<bndbox>
			<xmin>446</xmin>
			<ymin>294</ymin>
			<xmax>584</xmax>
			<ymax>387</ymax>
		</bndbox>
	</object>
	<object>
		<name>car</name>
		<pose>Unspecified</pose>
		<truncated>0</truncated>
		<difficult>0</difficult>
		<bndbox>
			<xmin>1008</xmin>
			<ymin>248</ymin>
			<xmax>1187</xmax>
			<ymax>423</ymax>
		</bndbox>
	</object>
	<object>
		<name>car</name>
		<pose>Unspecified</pose>
		<truncated>1</truncated>
		<difficult>0</difficult>
		<bndbox>
			<xmin>1225</xmin>
			<ymin>271</ymin>
			<xmax>1280</xmax>
			<ymax>413</ymax>
		</bndbox>
	</object>
	<object>
		<name>backpack</name>
		<pose>Unspecified</pose>
		<truncated>0</truncated>
		<difficult>0</difficult>
		<bndbox>
			<xmin>40</xmin>
			<ymin>404</ymin>
			<xmax>105</xmax>
			<ymax>496</ymax>
		</bndbox>
	</object>
</annotation>
