<annotation>
	<folder>JPEGImages</folder>
	<filename>RealBlur_J_scene149_8.png</filename>
	<path>E:\label\RealBlur_J_images\VOC2007\JPEGImages\RealBlur_J_scene149_8.png</path>
	<source>
		<database>Unknown</database>
	</source>
	<size>
		<width>665</width>
		<height>758</height>
		<depth>3</depth>
	</size>
	<segmented>0</segmented>
	<object>
		<name>chair</name>
		<pose>Unspecified</pose>
		<truncated>1</truncated>
		<difficult>0</difficult>
		<bndbox>
			<xmin>568</xmin>
			<ymin>300</ymin>
			<xmax>665</xmax>
			<ymax>630</ymax>
		</bndbox>
	</object>
	<object>
		<name>chair</name>
		<pose>Unspecified</pose>
		<truncated>0</truncated>
		<difficult>0</difficult>
		<bndbox>
			<xmin>277</xmin>
			<ymin>282</ymin>
			<xmax>527</xmax>
			<ymax>661</ymax>
		</bndbox>
	</object>
	<object>
		<name>chair</name>
		<pose>Unspecified</pose>
		<truncated>0</truncated>
		<difficult>0</difficult>
		<bndbox>
			<xmin>19</xmin>
			<ymin>278</ymin>
			<xmax>281</xmax>
			<ymax>606</ymax>
		</bndbox>
	</object>
</annotation>
