<annotation>
	<folder>JPEGImages</folder>
	<filename>RealBlur_J_scene194_10.png</filename>
	<path>E:\label\RealBlur_J_images\VOC2007\JPEGImages\RealBlur_J_scene194_10.png</path>
	<source>
		<database>Unknown</database>
	</source>
	<size>
		<width>670</width>
		<height>763</height>
		<depth>3</depth>
	</size>
	<segmented>0</segmented>
	<object>
		<name>chair</name>
		<pose>Unspecified</pose>
		<truncated>0</truncated>
		<difficult>0</difficult>
		<bndbox>
			<xmin>55</xmin>
			<ymin>375</ymin>
			<xmax>229</xmax>
			<ymax>628</ymax>
		</bndbox>
	</object>
	<object>
		<name>chair</name>
		<pose>Unspecified</pose>
		<truncated>0</truncated>
		<difficult>0</difficult>
		<bndbox>
			<xmin>260</xmin>
			<ymin>375</ymin>
			<xmax>429</xmax>
			<ymax>617</ymax>
		</bndbox>
	</object>
	<object>
		<name>chair</name>
		<pose>Unspecified</pose>
		<truncated>0</truncated>
		<difficult>0</difficult>
		<bndbox>
			<xmin>443</xmin>
			<ymin>363</ymin>
			<xmax>619</xmax>
			<ymax>606</ymax>
		</bndbox>
	</object>
</annotation>
