<annotation>
	<folder>JPEGImages</folder>
	<filename>RealBlur_J_scene122_4.png</filename>
	<path>E:\label\RealBlur_J_images\VOC2007\JPEGImages\RealBlur_J_scene122_4.png</path>
	<source>
		<database>Unknown</database>
	</source>
	<size>
		<width>669</width>
		<height>761</height>
		<depth>3</depth>
	</size>
	<segmented>0</segmented>
	<object>
		<name>truck</name>
		<pose>Unspecified</pose>
		<truncated>0</truncated>
		<difficult>0</difficult>
		<bndbox>
			<xmin>22</xmin>
			<ymin>264</ymin>
			<xmax>633</xmax>
			<ymax>542</ymax>
		</bndbox>
	</object>
</annotation>
