<annotation>
	<folder>JPEGImages</folder>
	<filename>RealBlur_J_scene149_21.png</filename>
	<path>E:\label\RealBlur_J_images\VOC2007\JPEGImages\RealBlur_J_scene149_21.png</path>
	<source>
		<database>Unknown</database>
	</source>
	<size>
		<width>668</width>
		<height>757</height>
		<depth>3</depth>
	</size>
	<segmented>0</segmented>
	<object>
		<name>chair</name>
		<pose>Unspecified</pose>
		<truncated>1</truncated>
		<difficult>0</difficult>
		<bndbox>
			<xmin>518</xmin>
			<ymin>240</ymin>
			<xmax>668</xmax>
			<ymax>576</ymax>
		</bndbox>
	</object>
	<object>
		<name>chair</name>
		<pose>Unspecified</pose>
		<truncated>0</truncated>
		<difficult>0</difficult>
		<bndbox>
			<xmin>226</xmin>
			<ymin>231</ymin>
			<xmax>469</xmax>
			<ymax>609</ymax>
		</bndbox>
	</object>
	<object>
		<name>chair</name>
		<pose>Unspecified</pose>
		<truncated>1</truncated>
		<difficult>0</difficult>
		<bndbox>
			<xmin>1</xmin>
			<ymin>232</ymin>
			<xmax>217</xmax>
			<ymax>564</ymax>
		</bndbox>
	</object>
</annotation>
