<annotation>
	<folder>JPEGImages</folder>
	<filename>RealBlur_J_scene101_21.png</filename>
	<path>E:\label\RealBlur_J_images\VOC2007\JPEGImages\RealBlur_J_scene101_21.png</path>
	<source>
		<database>Unknown</database>
	</source>
	<size>
		<width>669</width>
		<height>755</height>
		<depth>3</depth>
	</size>
	<segmented>0</segmented>
	<object>
		<name>bicycle</name>
		<pose>Unspecified</pose>
		<truncated>0</truncated>
		<difficult>0</difficult>
		<bndbox>
			<xmin>221</xmin>
			<ymin>242</ymin>
			<xmax>404</xmax>
			<ymax>330</ymax>
		</bndbox>
	</object>
	<object>
		<name>car</name>
		<pose>Unspecified</pose>
		<truncated>1</truncated>
		<difficult>0</difficult>
		<bndbox>
			<xmin>1</xmin>
			<ymin>149</ymin>
			<xmax>220</xmax>
			<ymax>384</ymax>
		</bndbox>
	</object>
	<object>
		<name>motorcycle</name>
		<pose>Unspecified</pose>
		<truncated>0</truncated>
		<difficult>0</difficult>
		<bndbox>
			<xmin>338</xmin>
			<ymin>203</ymin>
			<xmax>406</xmax>
			<ymax>280</ymax>
		</bndbox>
	</object>
</annotation>
