<annotation>
	<folder>JPEGImages</folder>
	<filename>RealBlur_J_scene107_9.png</filename>
	<path>E:\label\RealBlur_J_images\VOC2007\JPEGImages\RealBlur_J_scene107_9.png</path>
	<source>
		<database>Unknown</database>
	</source>
	<size>
		<width>665</width>
		<height>762</height>
		<depth>3</depth>
	</size>
	<segmented>0</segmented>
	<object>
		<name>cup</name>
		<pose>Unspecified</pose>
		<truncated>0</truncated>
		<difficult>0</difficult>
		<bndbox>
			<xmin>382</xmin>
			<ymin>585</ymin>
			<xmax>406</xmax>
			<ymax>616</ymax>
		</bndbox>
	</object>
</annotation>
