<annotation>
	<folder>JPEGImages</folder>
	<filename>RealBlur_J_scene141_11.png</filename>
	<path>E:\label\RealBlur_J_images\VOC2007\JPEGImages\RealBlur_J_scene141_11.png</path>
	<source>
		<database>Unknown</database>
	</source>
	<size>
		<width>668</width>
		<height>759</height>
		<depth>3</depth>
	</size>
	<segmented>0</segmented>
	<object>
		<name>car</name>
		<pose>Unspecified</pose>
		<truncated>1</truncated>
		<difficult>0</difficult>
		<bndbox>
			<xmin>1</xmin>
			<ymin>510</ymin>
			<xmax>213</xmax>
			<ymax>753</ymax>
		</bndbox>
	</object>
</annotation>
