<annotation>
	<folder>JPEGImages</folder>
	<filename>RealBlur_J_scene071_5.png</filename>
	<path>E:\label\RealBlur_J_images\VOC2007\JPEGImages\RealBlur_J_scene071_5.png</path>
	<source>
		<database>Unknown</database>
	</source>
	<size>
		<width>670</width>
		<height>762</height>
		<depth>3</depth>
	</size>
	<segmented>0</segmented>
	<object>
		<name>person</name>
		<pose>Unspecified</pose>
		<truncated>0</truncated>
		<difficult>0</difficult>
		<bndbox>
			<xmin>85</xmin>
			<ymin>111</ymin>
			<xmax>317</xmax>
			<ymax>380</ymax>
		</bndbox>
	</object>
</annotation>
