<annotation>
	<folder>JPEGImages</folder>
	<filename>RealBlur_J_scene129_8.png</filename>
	<path>E:\label\RealBlur_J_images\VOC2007\JPEGImages\RealBlur_J_scene129_8.png</path>
	<source>
		<database>Unknown</database>
	</source>
	<size>
		<width>672</width>
		<height>764</height>
		<depth>3</depth>
	</size>
	<segmented>0</segmented>
	<object>
		<name>bicycle</name>
		<pose>Unspecified</pose>
		<truncated>0</truncated>
		<difficult>0</difficult>
		<bndbox>
			<xmin>54</xmin>
			<ymin>425</ymin>
			<xmax>368</xmax>
			<ymax>682</ymax>
		</bndbox>
	</object>
	<object>
		<name>bicycle</name>
		<pose>Unspecified</pose>
		<truncated>0</truncated>
		<difficult>0</difficult>
		<bndbox>
			<xmin>368</xmin>
			<ymin>434</ymin>
			<xmax>548</xmax>
			<ymax>671</ymax>
		</bndbox>
	</object>
	<object>
		<name>bicycle</name>
		<pose>Unspecified</pose>
		<truncated>0</truncated>
		<difficult>0</difficult>
		<bndbox>
			<xmin>293</xmin>
			<ymin>323</ymin>
			<xmax>426</xmax>
			<ymax>597</ymax>
		</bndbox>
	</object>
	<object>
		<name>bicycle</name>
		<pose>Unspecified</pose>
		<truncated>0</truncated>
		<difficult>0</difficult>
		<bndbox>
			<xmin>502</xmin>
			<ymin>377</ymin>
			<xmax>668</xmax>
			<ymax>570</ymax>
		</bndbox>
	</object>
	<object>
		<name>bus</name>
		<pose>Unspecified</pose>
		<truncated>0</truncated>
		<difficult>0</difficult>
		<bndbox>
			<xmin>23</xmin>
			<ymin>383</ymin>
			<xmax>166</xmax>
			<ymax>452</ymax>
		</bndbox>
	</object>
</annotation>
