<annotation>
	<folder>JPEGImages</folder>
	<filename>RealBlur_J_scene162_4.png</filename>
	<path>E:\label\RealBlur_J_images\VOC2007\JPEGImages\RealBlur_J_scene162_4.png</path>
	<source>
		<database>Unknown</database>
	</source>
	<size>
		<width>670</width>
		<height>763</height>
		<depth>3</depth>
	</size>
	<segmented>0</segmented>
	<object>
		<name>bench</name>
		<pose>Unspecified</pose>
		<truncated>0</truncated>
		<difficult>0</difficult>
		<bndbox>
			<xmin>125</xmin>
			<ymin>496</ymin>
			<xmax>357</xmax>
			<ymax>521</ymax>
		</bndbox>
	</object>
	<object>
		<name>bench</name>
		<pose>Unspecified</pose>
		<truncated>0</truncated>
		<difficult>0</difficult>
		<bndbox>
			<xmin>192</xmin>
			<ymin>536</ymin>
			<xmax>514</xmax>
			<ymax>572</ymax>
		</bndbox>
	</object>
	<object>
		<name>dining table</name>
		<pose>Unspecified</pose>
		<truncated>0</truncated>
		<difficult>0</difficult>
		<bndbox>
			<xmin>146</xmin>
			<ymin>457</ymin>
			<xmax>455</xmax>
			<ymax>477</ymax>
		</bndbox>
	</object>
	<object>
		<name>umbrella</name>
		<pose>Unspecified</pose>
		<truncated>0</truncated>
		<difficult>0</difficult>
		<bndbox>
			<xmin>46</xmin>
			<ymin>105</ymin>
			<xmax>554</xmax>
			<ymax>270</ymax>
		</bndbox>
	</object>
	<object>
		<name>car</name>
		<pose>Unspecified</pose>
		<truncated>0</truncated>
		<difficult>0</difficult>
		<bndbox>
			<xmin>27</xmin>
			<ymin>351</ymin>
			<xmax>157</xmax>
			<ymax>422</ymax>
		</bndbox>
	</object>
</annotation>
