<annotation>
	<folder>JPEGImages</folder>
	<filename>RealBlur_J_scene044_3.png</filename>
	<path>E:\label\RealBlur_J_images\VOC2007\JPEGImages\RealBlur_J_scene044_3.png</path>
	<source>
		<database>Unknown</database>
	</source>
	<size>
		<width>670</width>
		<height>763</height>
		<depth>3</depth>
	</size>
	<segmented>0</segmented>
	<object>
		<name>bottle</name>
		<pose>Unspecified</pose>
		<truncated>0</truncated>
		<difficult>0</difficult>
		<bndbox>
			<xmin>77</xmin>
			<ymin>530</ymin>
			<xmax>101</xmax>
			<ymax>612</ymax>
		</bndbox>
	</object>
</annotation>
