<annotation>
	<folder>JPEGImages</folder>
	<filename>RealBlur_J_scene149_5.png</filename>
	<path>E:\label\RealBlur_J_images\VOC2007\JPEGImages\RealBlur_J_scene149_5.png</path>
	<source>
		<database>Unknown</database>
	</source>
	<size>
		<width>668</width>
		<height>756</height>
		<depth>3</depth>
	</size>
	<segmented>0</segmented>
	<object>
		<name>chair</name>
		<pose>Unspecified</pose>
		<truncated>1</truncated>
		<difficult>0</difficult>
		<bndbox>
			<xmin>1</xmin>
			<ymin>269</ymin>
			<xmax>192</xmax>
			<ymax>600</ymax>
		</bndbox>
	</object>
	<object>
		<name>chair</name>
		<pose>Unspecified</pose>
		<truncated>0</truncated>
		<difficult>0</difficult>
		<bndbox>
			<xmin>202</xmin>
			<ymin>265</ymin>
			<xmax>440</xmax>
			<ymax>637</ymax>
		</bndbox>
	</object>
	<object>
		<name>chair</name>
		<pose>Unspecified</pose>
		<truncated>1</truncated>
		<difficult>0</difficult>
		<bndbox>
			<xmin>490</xmin>
			<ymin>271</ymin>
			<xmax>668</xmax>
			<ymax>593</ymax>
		</bndbox>
	</object>
</annotation>
