<annotation>
	<folder>JPEGImages</folder>
	<filename>RealBlur_J_scene107_19.png</filename>
	<path>E:\label\RealBlur_J_images\VOC2007\JPEGImages\RealBlur_J_scene107_19.png</path>
	<source>
		<database>Unknown</database>
	</source>
	<size>
		<width>670</width>
		<height>757</height>
		<depth>3</depth>
	</size>
	<segmented>0</segmented>
	<object>
		<name>cup</name>
		<pose>Unspecified</pose>
		<truncated>0</truncated>
		<difficult>0</difficult>
		<bndbox>
			<xmin>375</xmin>
			<ymin>555</ymin>
			<xmax>400</xmax>
			<ymax>585</ymax>
		</bndbox>
	</object>
</annotation>
