<annotation>
	<folder>JPEGImages</folder>
	<filename>RealBlur_J_scene075_3.png</filename>
	<path>E:\label\RealBlur_J_images\VOC2007\JPEGImages\RealBlur_J_scene075_3.png</path>
	<source>
		<database>Unknown</database>
	</source>
	<size>
		<width>663</width>
		<height>760</height>
		<depth>3</depth>
	</size>
	<segmented>0</segmented>
	<object>
		<name>car</name>
		<pose>Unspecified</pose>
		<truncated>0</truncated>
		<difficult>0</difficult>
		<bndbox>
			<xmin>450</xmin>
			<ymin>517</ymin>
			<xmax>626</xmax>
			<ymax>574</ymax>
		</bndbox>
	</object>
	<object>
		<name>car</name>
		<pose>Unspecified</pose>
		<truncated>0</truncated>
		<difficult>0</difficult>
		<bndbox>
			<xmin>378</xmin>
			<ymin>507</ymin>
			<xmax>455</xmax>
			<ymax>556</ymax>
		</bndbox>
	</object>
	<object>
		<name>car</name>
		<pose>Unspecified</pose>
		<truncated>0</truncated>
		<difficult>0</difficult>
		<bndbox>
			<xmin>56</xmin>
			<ymin>485</ymin>
			<xmax>217</xmax>
			<ymax>548</ymax>
		</bndbox>
	</object>
	<object>
		<name>car</name>
		<pose>Unspecified</pose>
		<truncated>1</truncated>
		<difficult>0</difficult>
		<bndbox>
			<xmin>1</xmin>
			<ymin>495</ymin>
			<xmax>193</xmax>
			<ymax>562</ymax>
		</bndbox>
	</object>
</annotation>
