<annotation>
	<folder>JPEGImages</folder>
	<filename>RealBlur_J_scene075_4.png</filename>
	<path>E:\label\RealBlur_J_images\VOC2007\JPEGImages\RealBlur_J_scene075_4.png</path>
	<source>
		<database>Unknown</database>
	</source>
	<size>
		<width>667</width>
		<height>764</height>
		<depth>3</depth>
	</size>
	<segmented>0</segmented>
	<object>
		<name>car</name>
		<pose>Unspecified</pose>
		<truncated>0</truncated>
		<difficult>0</difficult>
		<bndbox>
			<xmin>452</xmin>
			<ymin>510</ymin>
			<xmax>622</xmax>
			<ymax>573</ymax>
		</bndbox>
	</object>
	<object>
		<name>car</name>
		<pose>Unspecified</pose>
		<truncated>0</truncated>
		<difficult>0</difficult>
		<bndbox>
			<xmin>376</xmin>
			<ymin>498</ymin>
			<xmax>456</xmax>
			<ymax>550</ymax>
		</bndbox>
	</object>
	<object>
		<name>car</name>
		<pose>Unspecified</pose>
		<truncated>1</truncated>
		<difficult>0</difficult>
		<bndbox>
			<xmin>1</xmin>
			<ymin>488</ymin>
			<xmax>194</xmax>
			<ymax>555</ymax>
		</bndbox>
	</object>
	<object>
		<name>car</name>
		<pose>Unspecified</pose>
		<truncated>0</truncated>
		<difficult>0</difficult>
		<bndbox>
			<xmin>55</xmin>
			<ymin>480</ymin>
			<xmax>216</xmax>
			<ymax>542</ymax>
		</bndbox>
	</object>
</annotation>
