<annotation>
	<folder>JPEGImages</folder>
	<filename>RealBlur_J_scene044_12.png</filename>
	<path>E:\label\RealBlur_J_images\VOC2007\JPEGImages\RealBlur_J_scene044_12.png</path>
	<source>
		<database>Unknown</database>
	</source>
	<size>
		<width>670</width>
		<height>762</height>
		<depth>3</depth>
	</size>
	<segmented>0</segmented>
	<object>
		<name>bottle</name>
		<pose>Unspecified</pose>
		<truncated>0</truncated>
		<difficult>0</difficult>
		<bndbox>
			<xmin>103</xmin>
			<ymin>553</ymin>
			<xmax>131</xmax>
			<ymax>638</ymax>
		</bndbox>
	</object>
</annotation>
