<annotation>
	<folder>JPEGImages</folder>
	<filename>RealBlur_J_scene024_13.png</filename>
	<path>E:\label\RealBlur_J_images\VOC2007\JPEGImages\RealBlur_J_scene024_13.png</path>
	<source>
		<database>Unknown</database>
	</source>
	<size>
		<width>670</width>
		<height>764</height>
		<depth>3</depth>
	</size>
	<segmented>0</segmented>
	<object>
		<name>dining table</name>
		<pose>Unspecified</pose>
		<truncated>0</truncated>
		<difficult>0</difficult>
		<bndbox>
			<xmin>154</xmin>
			<ymin>475</ymin>
			<xmax>361</xmax>
			<ymax>563</ymax>
		</bndbox>
	</object>
	<object>
		<name>dining table</name>
		<pose>Unspecified</pose>
		<truncated>1</truncated>
		<difficult>0</difficult>
		<bndbox>
			<xmin>523</xmin>
			<ymin>508</ymin>
			<xmax>670</xmax>
			<ymax>601</ymax>
		</bndbox>
	</object>
</annotation>
