<annotation>
	<folder>JPEGImages</folder>
	<filename>RealBlur_J_scene130_21.png</filename>
	<path>E:\label\RealBlur_J_images\VOC2007\JPEGImages\RealBlur_J_scene130_21.png</path>
	<source>
		<database>Unknown</database>
	</source>
	<size>
		<width>664</width>
		<height>757</height>
		<depth>3</depth>
	</size>
	<segmented>0</segmented>
	<object>
		<name>person</name>
		<pose>Unspecified</pose>
		<truncated>1</truncated>
		<difficult>0</difficult>
		<bndbox>
			<xmin>1</xmin>
			<ymin>294</ymin>
			<xmax>342</xmax>
			<ymax>696</ymax>
		</bndbox>
	</object>
	<object>
		<name>person</name>
		<pose>Unspecified</pose>
		<truncated>0</truncated>
		<difficult>0</difficult>
		<bndbox>
			<xmin>360</xmin>
			<ymin>396</ymin>
			<xmax>546</xmax>
			<ymax>653</ymax>
		</bndbox>
	</object>
</annotation>
