<annotation>
	<folder>JPEGImages</folder>
	<filename>RealBlur_J_scene188_6.png</filename>
	<path>E:\label\RealBlur_J_images\VOC2007\JPEGImages\RealBlur_J_scene188_6.png</path>
	<source>
		<database>Unknown</database>
	</source>
	<size>
		<width>667</width>
		<height>761</height>
		<depth>3</depth>
	</size>
	<segmented>0</segmented>
	<object>
		<name>motorcycle</name>
		<pose>Unspecified</pose>
		<truncated>1</truncated>
		<difficult>0</difficult>
		<bndbox>
			<xmin>595</xmin>
			<ymin>458</ymin>
			<xmax>667</xmax>
			<ymax>567</ymax>
		</bndbox>
	</object>
	<object>
		<name>motorcycle</name>
		<pose>Unspecified</pose>
		<truncated>0</truncated>
		<difficult>0</difficult>
		<bndbox>
			<xmin>450</xmin>
			<ymin>459</ymin>
			<xmax>633</xmax>
			<ymax>593</ymax>
		</bndbox>
	</object>
</annotation>
