<annotation>
	<folder>JPEGImages</folder>
	<filename>RealBlur_J_scene155_21.png</filename>
	<path>E:\label\RealBlur_J_images\VOC2007\JPEGImages\RealBlur_J_scene155_21.png</path>
	<source>
		<database>Unknown</database>
	</source>
	<size>
		<width>670</width>
		<height>764</height>
		<depth>3</depth>
	</size>
	<segmented>0</segmented>
	<object>
		<name>bench</name>
		<pose>Unspecified</pose>
		<truncated>0</truncated>
		<difficult>0</difficult>
		<bndbox>
			<xmin>273</xmin>
			<ymin>425</ymin>
			<xmax>352</xmax>
			<ymax>458</ymax>
		</bndbox>
	</object>
	<object>
		<name>bench</name>
		<pose>Unspecified</pose>
		<truncated>1</truncated>
		<difficult>0</difficult>
		<bndbox>
			<xmin>571</xmin>
			<ymin>430</ymin>
			<xmax>670</xmax>
			<ymax>457</ymax>
		</bndbox>
	</object>
</annotation>
