<annotation>
	<folder>JPEGImages</folder>
	<filename>RealBlur_J_scene105_13.png</filename>
	<path>E:\label\RealBlur_J_images\VOC2007\JPEGImages\RealBlur_J_scene105_13.png</path>
	<source>
		<database>Unknown</database>
	</source>
	<size>
		<width>666</width>
		<height>761</height>
		<depth>3</depth>
	</size>
	<segmented>0</segmented>
	<object>
		<name>bottle</name>
		<pose>Unspecified</pose>
		<truncated>0</truncated>
		<difficult>0</difficult>
		<bndbox>
			<xmin>346</xmin>
			<ymin>381</ymin>
			<xmax>388</xmax>
			<ymax>460</ymax>
		</bndbox>
	</object>
	<object>
		<name>bottle</name>
		<pose>Unspecified</pose>
		<truncated>0</truncated>
		<difficult>0</difficult>
		<bndbox>
			<xmin>338</xmin>
			<ymin>480</ymin>
			<xmax>370</xmax>
			<ymax>501</ymax>
		</bndbox>
	</object>
</annotation>
