<annotation>
	<folder>JPEGImages</folder>
	<filename>RealBlur_J_scene194_11.png</filename>
	<path>E:\label\RealBlur_J_images\VOC2007\JPEGImages\RealBlur_J_scene194_11.png</path>
	<source>
		<database>Unknown</database>
	</source>
	<size>
		<width>671</width>
		<height>758</height>
		<depth>3</depth>
	</size>
	<segmented>0</segmented>
	<object>
		<name>chair</name>
		<pose>Unspecified</pose>
		<truncated>0</truncated>
		<difficult>0</difficult>
		<bndbox>
			<xmin>64</xmin>
			<ymin>352</ymin>
			<xmax>242</xmax>
			<ymax>596</ymax>
		</bndbox>
	</object>
	<object>
		<name>chair</name>
		<pose>Unspecified</pose>
		<truncated>0</truncated>
		<difficult>0</difficult>
		<bndbox>
			<xmin>271</xmin>
			<ymin>352</ymin>
			<xmax>438</xmax>
			<ymax>591</ymax>
		</bndbox>
	</object>
	<object>
		<name>chair</name>
		<pose>Unspecified</pose>
		<truncated>0</truncated>
		<difficult>0</difficult>
		<bndbox>
			<xmin>454</xmin>
			<ymin>342</ymin>
			<xmax>628</xmax>
			<ymax>581</ymax>
		</bndbox>
	</object>
</annotation>
