<annotation>
	<folder>JPEGImages</folder>
	<filename>RealBlur_J_scene107_2.png</filename>
	<path>E:\label\RealBlur_J_images\VOC2007\JPEGImages\RealBlur_J_scene107_2.png</path>
	<source>
		<database>Unknown</database>
	</source>
	<size>
		<width>669</width>
		<height>763</height>
		<depth>3</depth>
	</size>
	<segmented>0</segmented>
	<object>
		<name>cup</name>
		<pose>Unspecified</pose>
		<truncated>0</truncated>
		<difficult>0</difficult>
		<bndbox>
			<xmin>355</xmin>
			<ymin>591</ymin>
			<xmax>377</xmax>
			<ymax>622</ymax>
		</bndbox>
	</object>
</annotation>
