<annotation>
	<folder>JPEGImages</folder>
	<filename>RealBlur_J_scene024_15.png</filename>
	<path>E:\label\RealBlur_J_images\VOC2007\JPEGImages\RealBlur_J_scene024_15.png</path>
	<source>
		<database>Unknown</database>
	</source>
	<size>
		<width>671</width>
		<height>764</height>
		<depth>3</depth>
	</size>
	<segmented>0</segmented>
	<object>
		<name>dining table</name>
		<pose>Unspecified</pose>
		<truncated>0</truncated>
		<difficult>0</difficult>
		<bndbox>
			<xmin>131</xmin>
			<ymin>427</ymin>
			<xmax>339</xmax>
			<ymax>513</ymax>
		</bndbox>
	</object>
	<object>
		<name>dining table</name>
		<pose>Unspecified</pose>
		<truncated>1</truncated>
		<difficult>0</difficult>
		<bndbox>
			<xmin>505</xmin>
			<ymin>454</ymin>
			<xmax>671</xmax>
			<ymax>547</ymax>
		</bndbox>
	</object>
</annotation>
