<annotation>
	<folder>JPEGImages</folder>
	<filename>RealBlur_J_scene130_11.png</filename>
	<path>E:\label\RealBlur_J_images\VOC2007\JPEGImages\RealBlur_J_scene130_11.png</path>
	<source>
		<database>Unknown</database>
	</source>
	<size>
		<width>664</width>
		<height>757</height>
		<depth>3</depth>
	</size>
	<segmented>0</segmented>
	<object>
		<name>person</name>
		<pose>Unspecified</pose>
		<truncated>1</truncated>
		<difficult>0</difficult>
		<bndbox>
			<xmin>1</xmin>
			<ymin>273</ymin>
			<xmax>315</xmax>
			<ymax>683</ymax>
		</bndbox>
	</object>
	<object>
		<name>person</name>
		<pose>Unspecified</pose>
		<truncated>0</truncated>
		<difficult>0</difficult>
		<bndbox>
			<xmin>333</xmin>
			<ymin>380</ymin>
			<xmax>518</xmax>
			<ymax>638</ymax>
		</bndbox>
	</object>
</annotation>
