<annotation>
	<folder>JPEGImages</folder>
	<filename>RealBlur_J_scene173_18.png</filename>
	<path>E:\label\RealBlur_J_images\VOC2007\JPEGImages\RealBlur_J_scene173_18.png</path>
	<source>
		<database>Unknown</database>
	</source>
	<size>
		<width>662</width>
		<height>758</height>
		<depth>3</depth>
	</size>
	<segmented>0</segmented>
	<object>
		<name>bench</name>
		<pose>Unspecified</pose>
		<truncated>1</truncated>
		<difficult>0</difficult>
		<bndbox>
			<xmin>315</xmin>
			<ymin>576</ymin>
			<xmax>662</xmax>
			<ymax>696</ymax>
		</bndbox>
	</object>
</annotation>
