<annotation>
	<folder>JPEGImages</folder>
	<filename>RealBlur_J_scene155_11.png</filename>
	<path>E:\label\RealBlur_J_images\VOC2007\JPEGImages\RealBlur_J_scene155_11.png</path>
	<source>
		<database>Unknown</database>
	</source>
	<size>
		<width>664</width>
		<height>758</height>
		<depth>3</depth>
	</size>
	<segmented>0</segmented>
	<object>
		<name>bench</name>
		<pose>Unspecified</pose>
		<truncated>0</truncated>
		<difficult>0</difficult>
		<bndbox>
			<xmin>286</xmin>
			<ymin>440</ymin>
			<xmax>367</xmax>
			<ymax>475</ymax>
		</bndbox>
	</object>
	<object>
		<name>bench</name>
		<pose>Unspecified</pose>
		<truncated>1</truncated>
		<difficult>0</difficult>
		<bndbox>
			<xmin>587</xmin>
			<ymin>446</ymin>
			<xmax>664</xmax>
			<ymax>472</ymax>
		</bndbox>
	</object>
</annotation>
