<annotation>
	<folder>JPEGImages</folder>
	<filename>RealBlur_J_scene017_9.png</filename>
	<path>E:\label\RealBlur_J_images\VOC2007\JPEGImages\RealBlur_J_scene017_9.png</path>
	<source>
		<database>Unknown</database>
	</source>
	<size>
		<width>671</width>
		<height>763</height>
		<depth>3</depth>
	</size>
	<segmented>0</segmented>
	<object>
		<name>truck</name>
		<pose>Unspecified</pose>
		<truncated>1</truncated>
		<difficult>0</difficult>
		<bndbox>
			<xmin>1</xmin>
			<ymin>325</ymin>
			<xmax>651</xmax>
			<ymax>593</ymax>
		</bndbox>
	</object>
	<object>
		<name>car</name>
		<pose>Unspecified</pose>
		<truncated>0</truncated>
		<difficult>0</difficult>
		<bndbox>
			<xmin>591</xmin>
			<ymin>393</ymin>
			<xmax>649</xmax>
			<ymax>420</ymax>
		</bndbox>
	</object>
</annotation>
