<annotation>
	<folder>JPEGImages</folder>
	<filename>RealBlur_J_scene188_8.png</filename>
	<path>E:\label\RealBlur_J_images\VOC2007\JPEGImages\RealBlur_J_scene188_8.png</path>
	<source>
		<database>Unknown</database>
	</source>
	<size>
		<width>667</width>
		<height>753</height>
		<depth>3</depth>
	</size>
	<segmented>0</segmented>
	<object>
		<name>motorcycle</name>
		<pose>Unspecified</pose>
		<truncated>1</truncated>
		<difficult>0</difficult>
		<bndbox>
			<xmin>605</xmin>
			<ymin>447</ymin>
			<xmax>667</xmax>
			<ymax>561</ymax>
		</bndbox>
	</object>
	<object>
		<name>motorcycle</name>
		<pose>Unspecified</pose>
		<truncated>0</truncated>
		<difficult>0</difficult>
		<bndbox>
			<xmin>457</xmin>
			<ymin>454</ymin>
			<xmax>642</xmax>
			<ymax>591</ymax>
		</bndbox>
	</object>
</annotation>
