<annotation>
	<folder>JPEGImages</folder>
	<filename>RealBlur_J_scene173_5.png</filename>
	<path>E:\label\RealBlur_J_images\VOC2007\JPEGImages\RealBlur_J_scene173_5.png</path>
	<source>
		<database>Unknown</database>
	</source>
	<size>
		<width>667</width>
		<height>760</height>
		<depth>3</depth>
	</size>
	<segmented>0</segmented>
	<object>
		<name>bench</name>
		<pose>Unspecified</pose>
		<truncated>0</truncated>
		<difficult>0</difficult>
		<bndbox>
			<xmin>253</xmin>
			<ymin>616</ymin>
			<xmax>602</xmax>
			<ymax>734</ymax>
		</bndbox>
	</object>
</annotation>
