<annotation>
	<folder>JPEGImages</folder>
	<filename>RealBlur_J_scene149_4.png</filename>
	<path>E:\label\RealBlur_J_images\VOC2007\JPEGImages\RealBlur_J_scene149_4.png</path>
	<source>
		<database>Unknown</database>
	</source>
	<size>
		<width>661</width>
		<height>752</height>
		<depth>3</depth>
	</size>
	<segmented>0</segmented>
	<object>
		<name>chair</name>
		<pose>Unspecified</pose>
		<truncated>1</truncated>
		<difficult>0</difficult>
		<bndbox>
			<xmin>1</xmin>
			<ymin>242</ymin>
			<xmax>212</xmax>
			<ymax>572</ymax>
		</bndbox>
	</object>
	<object>
		<name>chair</name>
		<pose>Unspecified</pose>
		<truncated>0</truncated>
		<difficult>0</difficult>
		<bndbox>
			<xmin>219</xmin>
			<ymin>241</ymin>
			<xmax>461</xmax>
			<ymax>617</ymax>
		</bndbox>
	</object>
	<object>
		<name>chair</name>
		<pose>Unspecified</pose>
		<truncated>1</truncated>
		<difficult>0</difficult>
		<bndbox>
			<xmin>508</xmin>
			<ymin>251</ymin>
			<xmax>661</xmax>
			<ymax>574</ymax>
		</bndbox>
	</object>
</annotation>
