<annotation>
	<folder>JPEGImages</folder>
	<filename>RealBlur_J_scene105_12.png</filename>
	<path>E:\label\RealBlur_J_images\VOC2007\JPEGImages\RealBlur_J_scene105_12.png</path>
	<source>
		<database>Unknown</database>
	</source>
	<size>
		<width>669</width>
		<height>760</height>
		<depth>3</depth>
	</size>
	<segmented>0</segmented>
	<object>
		<name>bottle</name>
		<pose>Unspecified</pose>
		<truncated>0</truncated>
		<difficult>0</difficult>
		<bndbox>
			<xmin>341</xmin>
			<ymin>364</ymin>
			<xmax>381</xmax>
			<ymax>445</ymax>
		</bndbox>
	</object>
	<object>
		<name>bottle</name>
		<pose>Unspecified</pose>
		<truncated>0</truncated>
		<difficult>0</difficult>
		<bndbox>
			<xmin>333</xmin>
			<ymin>466</ymin>
			<xmax>367</xmax>
			<ymax>488</ymax>
		</bndbox>
	</object>
</annotation>
