<annotation>
	<folder>JPEGImages</folder>
	<filename>RealBlur_J_scene149_13.png</filename>
	<path>E:\label\RealBlur_J_images\VOC2007\JPEGImages\RealBlur_J_scene149_13.png</path>
	<source>
		<database>Unknown</database>
	</source>
	<size>
		<width>660</width>
		<height>754</height>
		<depth>3</depth>
	</size>
	<segmented>0</segmented>
	<object>
		<name>chair</name>
		<pose>Unspecified</pose>
		<truncated>1</truncated>
		<difficult>0</difficult>
		<bndbox>
			<xmin>511</xmin>
			<ymin>290</ymin>
			<xmax>660</xmax>
			<ymax>620</ymax>
		</bndbox>
	</object>
	<object>
		<name>chair</name>
		<pose>Unspecified</pose>
		<truncated>0</truncated>
		<difficult>0</difficult>
		<bndbox>
			<xmin>219</xmin>
			<ymin>281</ymin>
			<xmax>462</xmax>
			<ymax>655</ymax>
		</bndbox>
	</object>
	<object>
		<name>chair</name>
		<pose>Unspecified</pose>
		<truncated>1</truncated>
		<difficult>0</difficult>
		<bndbox>
			<xmin>1</xmin>
			<ymin>287</ymin>
			<xmax>215</xmax>
			<ymax>617</ymax>
		</bndbox>
	</object>
</annotation>
