<annotation>
	<folder>JPEGImages</folder>
	<filename>RealBlur_J_scene101_4.png</filename>
	<path>E:\label\RealBlur_J_images\VOC2007\JPEGImages\RealBlur_J_scene101_4.png</path>
	<source>
		<database>Unknown</database>
	</source>
	<size>
		<width>669</width>
		<height>758</height>
		<depth>3</depth>
	</size>
	<segmented>0</segmented>
	<object>
		<name>bicycle</name>
		<pose>Unspecified</pose>
		<truncated>0</truncated>
		<difficult>0</difficult>
		<bndbox>
			<xmin>214</xmin>
			<ymin>257</ymin>
			<xmax>402</xmax>
			<ymax>354</ymax>
		</bndbox>
	</object>
	<object>
		<name>car</name>
		<pose>Unspecified</pose>
		<truncated>1</truncated>
		<difficult>0</difficult>
		<bndbox>
			<xmin>1</xmin>
			<ymin>161</ymin>
			<xmax>212</xmax>
			<ymax>388</ymax>
		</bndbox>
	</object>
	<object>
		<name>motorcycle</name>
		<pose>Unspecified</pose>
		<truncated>0</truncated>
		<difficult>0</difficult>
		<bndbox>
			<xmin>329</xmin>
			<ymin>217</ymin>
			<xmax>400</xmax>
			<ymax>293</ymax>
		</bndbox>
	</object>
</annotation>
