<annotation>
	<folder>JPEGImages</folder>
	<filename>RealBlur_J_scene188_14.png</filename>
	<path>E:\label\RealBlur_J_images\VOC2007\JPEGImages\RealBlur_J_scene188_14.png</path>
	<source>
		<database>Unknown</database>
	</source>
	<size>
		<width>667</width>
		<height>758</height>
		<depth>3</depth>
	</size>
	<segmented>0</segmented>
	<object>
		<name>motorcycle</name>
		<pose>Unspecified</pose>
		<truncated>0</truncated>
		<difficult>0</difficult>
		<bndbox>
			<xmin>455</xmin>
			<ymin>437</ymin>
			<xmax>640</xmax>
			<ymax>573</ymax>
		</bndbox>
	</object>
</annotation>
