<annotation>
	<folder>JPEGImages</folder>
	<filename>RealBlur_J_scene122_11.png</filename>
	<path>E:\label\RealBlur_J_images\VOC2007\JPEGImages\RealBlur_J_scene122_11.png</path>
	<source>
		<database>Unknown</database>
	</source>
	<size>
		<width>669</width>
		<height>763</height>
		<depth>3</depth>
	</size>
	<segmented>0</segmented>
	<object>
		<name>truck</name>
		<pose>Unspecified</pose>
		<truncated>0</truncated>
		<difficult>0</difficult>
		<bndbox>
			<xmin>11</xmin>
			<ymin>283</ymin>
			<xmax>618</xmax>
			<ymax>573</ymax>
		</bndbox>
	</object>
</annotation>
