<annotation>
	<folder>JPEGImages</folder>
	<filename>RealBlur_J_scene155_20.png</filename>
	<path>E:\label\RealBlur_J_images\VOC2007\JPEGImages\RealBlur_J_scene155_20.png</path>
	<source>
		<database>Unknown</database>
	</source>
	<size>
		<width>665</width>
		<height>763</height>
		<depth>3</depth>
	</size>
	<segmented>0</segmented>
	<object>
		<name>bench</name>
		<pose>Unspecified</pose>
		<truncated>0</truncated>
		<difficult>0</difficult>
		<bndbox>
			<xmin>275</xmin>
			<ymin>440</ymin>
			<xmax>355</xmax>
			<ymax>474</ymax>
		</bndbox>
	</object>
	<object>
		<name>bench</name>
		<pose>Unspecified</pose>
		<truncated>1</truncated>
		<difficult>0</difficult>
		<bndbox>
			<xmin>570</xmin>
			<ymin>445</ymin>
			<xmax>665</xmax>
			<ymax>471</ymax>
		</bndbox>
	</object>
</annotation>
