<annotation>
	<folder>JPEGImages</folder>
	<filename>RealBlur_J_scene100_4.png</filename>
	<path>E:\label\RealBlur_J_images\VOC2007\JPEGImages\RealBlur_J_scene100_4.png</path>
	<source>
		<database>Unknown</database>
	</source>
	<size>
		<width>670</width>
		<height>762</height>
		<depth>3</depth>
	</size>
	<segmented>0</segmented>
	<object>
		<name>bicycle</name>
		<pose>Unspecified</pose>
		<truncated>1</truncated>
		<difficult>0</difficult>
		<bndbox>
			<xmin>391</xmin>
			<ymin>362</ymin>
			<xmax>670</xmax>
			<ymax>684</ymax>
		</bndbox>
	</object>
	<object>
		<name>bicycle</name>
		<pose>Unspecified</pose>
		<truncated>0</truncated>
		<difficult>0</difficult>
		<bndbox>
			<xmin>319</xmin>
			<ymin>365</ymin>
			<xmax>598</xmax>
			<ymax>701</ymax>
		</bndbox>
	</object>
</annotation>
