<annotation>
	<folder>JPEGImages</folder>
	<filename>RealBlur_J_scene159_21.png</filename>
	<path>E:\label\RealBlur_J_images\VOC2007\JPEGImages\RealBlur_J_scene159_21.png</path>
	<source>
		<database>Unknown</database>
	</source>
	<size>
		<width>666</width>
		<height>759</height>
		<depth>3</depth>
	</size>
	<segmented>0</segmented>
	<object>
		<name>chair</name>
		<pose>Unspecified</pose>
		<truncated>1</truncated>
		<difficult>0</difficult>
		<bndbox>
			<xmin>556</xmin>
			<ymin>395</ymin>
			<xmax>666</xmax>
			<ymax>578</ymax>
		</bndbox>
	</object>
	<object>
		<name>chair</name>
		<pose>Unspecified</pose>
		<truncated>0</truncated>
		<difficult>0</difficult>
		<bndbox>
			<xmin>443</xmin>
			<ymin>397</ymin>
			<xmax>582</xmax>
			<ymax>585</ymax>
		</bndbox>
	</object>
	<object>
		<name>chair</name>
		<pose>Unspecified</pose>
		<truncated>0</truncated>
		<difficult>0</difficult>
		<bndbox>
			<xmin>320</xmin>
			<ymin>398</ymin>
			<xmax>462</xmax>
			<ymax>597</ymax>
		</bndbox>
	</object>
	<object>
		<name>chair</name>
		<pose>Unspecified</pose>
		<truncated>0</truncated>
		<difficult>0</difficult>
		<bndbox>
			<xmin>179</xmin>
			<ymin>400</ymin>
			<xmax>317</xmax>
			<ymax>600</ymax>
		</bndbox>
	</object>
	<object>
		<name>chair</name>
		<pose>Unspecified</pose>
		<truncated>0</truncated>
		<difficult>0</difficult>
		<bndbox>
			<xmin>23</xmin>
			<ymin>404</ymin>
			<xmax>180</xmax>
			<ymax>630</ymax>
		</bndbox>
	</object>
</annotation>
