<annotation>
	<folder>JPEGImages</folder>
	<filename>RealBlur_J_scene122_6.png</filename>
	<path>E:\label\RealBlur_J_images\VOC2007\JPEGImages\RealBlur_J_scene122_6.png</path>
	<source>
		<database>Unknown</database>
	</source>
	<size>
		<width>668</width>
		<height>763</height>
		<depth>3</depth>
	</size>
	<segmented>0</segmented>
	<object>
		<name>truck</name>
		<pose>Unspecified</pose>
		<truncated>0</truncated>
		<difficult>0</difficult>
		<bndbox>
			<xmin>60</xmin>
			<ymin>262</ymin>
			<xmax>665</xmax>
			<ymax>544</ymax>
		</bndbox>
	</object>
</annotation>
