<annotation>
	<folder>JPEGImages</folder>
	<filename>RealBlur_J_scene103_13.png</filename>
	<path>E:\label\RealBlur_J_images\VOC2007\JPEGImages\RealBlur_J_scene103_13.png</path>
	<source>
		<database>Unknown</database>
	</source>
	<size>
		<width>669</width>
		<height>759</height>
		<depth>3</depth>
	</size>
	<segmented>0</segmented>
	<object>
		<name>car</name>
		<pose>Unspecified</pose>
		<truncated>1</truncated>
		<difficult>0</difficult>
		<bndbox>
			<xmin>618</xmin>
			<ymin>184</ymin>
			<xmax>669</xmax>
			<ymax>269</ymax>
		</bndbox>
	</object>
</annotation>
