<annotation>
	<folder>JPEGImages</folder>
	<filename>RealBlur_J_scene011_12.png</filename>
	<path>E:\label\RealBlur_J_images\VOC2007\JPEGImages\RealBlur_J_scene011_12.png</path>
	<source>
		<database>Unknown</database>
	</source>
	<size>
		<width>669</width>
		<height>764</height>
		<depth>3</depth>
	</size>
	<segmented>0</segmented>
	<object>
		<name>motorcycle</name>
		<pose>Unspecified</pose>
		<truncated>1</truncated>
		<difficult>0</difficult>
		<bndbox>
			<xmin>1</xmin>
			<ymin>373</ymin>
			<xmax>318</xmax>
			<ymax>604</ymax>
		</bndbox>
	</object>
	<object>
		<name>motorcycle</name>
		<pose>Unspecified</pose>
		<truncated>0</truncated>
		<difficult>0</difficult>
		<bndbox>
			<xmin>328</xmin>
			<ymin>373</ymin>
			<xmax>630</xmax>
			<ymax>597</ymax>
		</bndbox>
	</object>
</annotation>
