<annotation>
	<folder>JPEGImages</folder>
	<filename>RealBlur_J_scene149_11.png</filename>
	<path>E:\label\RealBlur_J_images\VOC2007\JPEGImages\RealBlur_J_scene149_11.png</path>
	<source>
		<database>Unknown</database>
	</source>
	<size>
		<width>668</width>
		<height>761</height>
		<depth>3</depth>
	</size>
	<segmented>0</segmented>
	<object>
		<name>chair</name>
		<pose>Unspecified</pose>
		<truncated>1</truncated>
		<difficult>0</difficult>
		<bndbox>
			<xmin>512</xmin>
			<ymin>266</ymin>
			<xmax>668</xmax>
			<ymax>597</ymax>
		</bndbox>
	</object>
	<object>
		<name>chair</name>
		<pose>Unspecified</pose>
		<truncated>0</truncated>
		<difficult>0</difficult>
		<bndbox>
			<xmin>216</xmin>
			<ymin>261</ymin>
			<xmax>459</xmax>
			<ymax>637</ymax>
		</bndbox>
	</object>
	<object>
		<name>chair</name>
		<pose>Unspecified</pose>
		<truncated>1</truncated>
		<difficult>0</difficult>
		<bndbox>
			<xmin>1</xmin>
			<ymin>267</ymin>
			<xmax>209</xmax>
			<ymax>597</ymax>
		</bndbox>
	</object>
</annotation>
