<annotation>
	<folder>JPEGImages</folder>
	<filename>RealBlur_J_scene130_14.png</filename>
	<path>E:\label\RealBlur_J_images\VOC2007\JPEGImages\RealBlur_J_scene130_14.png</path>
	<source>
		<database>Unknown</database>
	</source>
	<size>
		<width>672</width>
		<height>761</height>
		<depth>3</depth>
	</size>
	<segmented>0</segmented>
	<object>
		<name>person</name>
		<pose>Unspecified</pose>
		<truncated>1</truncated>
		<difficult>0</difficult>
		<bndbox>
			<xmin>1</xmin>
			<ymin>278</ymin>
			<xmax>343</xmax>
			<ymax>687</ymax>
		</bndbox>
	</object>
	<object>
		<name>person</name>
		<pose>Unspecified</pose>
		<truncated>0</truncated>
		<difficult>0</difficult>
		<bndbox>
			<xmin>361</xmin>
			<ymin>382</ymin>
			<xmax>549</xmax>
			<ymax>643</ymax>
		</bndbox>
	</object>
</annotation>
