<annotation>
	<folder>JPEGImages</folder>
	<filename>RealBlur_J_scene075_19.png</filename>
	<path>E:\label\RealBlur_J_images\VOC2007\JPEGImages\RealBlur_J_scene075_19.png</path>
	<source>
		<database>Unknown</database>
	</source>
	<size>
		<width>666</width>
		<height>762</height>
		<depth>3</depth>
	</size>
	<segmented>0</segmented>
	<object>
		<name>car</name>
		<pose>Unspecified</pose>
		<truncated>1</truncated>
		<difficult>0</difficult>
		<bndbox>
			<xmin>532</xmin>
			<ymin>495</ymin>
			<xmax>666</xmax>
			<ymax>553</ymax>
		</bndbox>
	</object>
	<object>
		<name>car</name>
		<pose>Unspecified</pose>
		<truncated>0</truncated>
		<difficult>0</difficult>
		<bndbox>
			<xmin>453</xmin>
			<ymin>492</ymin>
			<xmax>562</xmax>
			<ymax>531</ymax>
		</bndbox>
	</object>
	<object>
		<name>car</name>
		<pose>Unspecified</pose>
		<truncated>0</truncated>
		<difficult>0</difficult>
		<bndbox>
			<xmin>61</xmin>
			<ymin>478</ymin>
			<xmax>280</xmax>
			<ymax>544</ymax>
		</bndbox>
	</object>
	<object>
		<name>car</name>
		<pose>Unspecified</pose>
		<truncated>0</truncated>
		<difficult>0</difficult>
		<bndbox>
			<xmin>144</xmin>
			<ymin>471</ymin>
			<xmax>300</xmax>
			<ymax>528</ymax>
		</bndbox>
	</object>
</annotation>
