<annotation>
	<folder>JPEGImages</folder>
	<filename>RealBlur_J_scene162_20.png</filename>
	<path>E:\label\RealBlur_J_images\VOC2007\JPEGImages\RealBlur_J_scene162_20.png</path>
	<source>
		<database>Unknown</database>
	</source>
	<size>
		<width>669</width>
		<height>758</height>
		<depth>3</depth>
	</size>
	<segmented>0</segmented>
	<object>
		<name>bench</name>
		<pose>Unspecified</pose>
		<truncated>0</truncated>
		<difficult>0</difficult>
		<bndbox>
			<xmin>118</xmin>
			<ymin>356</ymin>
			<xmax>338</xmax>
			<ymax>377</ymax>
		</bndbox>
	</object>
	<object>
		<name>bench</name>
		<pose>Unspecified</pose>
		<truncated>0</truncated>
		<difficult>0</difficult>
		<bndbox>
			<xmin>190</xmin>
			<ymin>390</ymin>
			<xmax>509</xmax>
			<ymax>426</ymax>
		</bndbox>
	</object>
	<object>
		<name>dining table</name>
		<pose>Unspecified</pose>
		<truncated>0</truncated>
		<difficult>0</difficult>
		<bndbox>
			<xmin>136</xmin>
			<ymin>314</ymin>
			<xmax>452</xmax>
			<ymax>333</ymax>
		</bndbox>
	</object>
	<object>
		<name>umbrella</name>
		<pose>Unspecified</pose>
		<truncated>1</truncated>
		<difficult>0</difficult>
		<bndbox>
			<xmin>13</xmin>
			<ymin>1</ymin>
			<xmax>558</xmax>
			<ymax>118</ymax>
		</bndbox>
	</object>
	<object>
		<name>car</name>
		<pose>Unspecified</pose>
		<truncated>0</truncated>
		<difficult>0</difficult>
		<bndbox>
			<xmin>12</xmin>
			<ymin>214</ymin>
			<xmax>144</xmax>
			<ymax>289</ymax>
		</bndbox>
	</object>
</annotation>
