<annotation>
	<folder>JPEGImages</folder>
	<filename>RealBlur_J_scene155_18.png</filename>
	<path>E:\label\RealBlur_J_images\VOC2007\JPEGImages\RealBlur_J_scene155_18.png</path>
	<source>
		<database>Unknown</database>
	</source>
	<size>
		<width>663</width>
		<height>761</height>
		<depth>3</depth>
	</size>
	<segmented>0</segmented>
	<object>
		<name>bench</name>
		<pose>Unspecified</pose>
		<truncated>0</truncated>
		<difficult>0</difficult>
		<bndbox>
			<xmin>263</xmin>
			<ymin>444</ymin>
			<xmax>343</xmax>
			<ymax>478</ymax>
		</bndbox>
	</object>
	<object>
		<name>bench</name>
		<pose>Unspecified</pose>
		<truncated>1</truncated>
		<difficult>0</difficult>
		<bndbox>
			<xmin>559</xmin>
			<ymin>450</ymin>
			<xmax>663</xmax>
			<ymax>478</ymax>
		</bndbox>
	</object>
</annotation>
