<annotation>
	<folder>JPEGImages</folder>
	<filename>RealBlur_J_scene141_12.png</filename>
	<path>E:\label\RealBlur_J_images\VOC2007\JPEGImages\RealBlur_J_scene141_12.png</path>
	<source>
		<database>Unknown</database>
	</source>
	<size>
		<width>660</width>
		<height>754</height>
		<depth>3</depth>
	</size>
	<segmented>0</segmented>
	<object>
		<name>car</name>
		<pose>Unspecified</pose>
		<truncated>1</truncated>
		<difficult>0</difficult>
		<bndbox>
			<xmin>1</xmin>
			<ymin>538</ymin>
			<xmax>192</xmax>
			<ymax>751</ymax>
		</bndbox>
	</object>
</annotation>
