<annotation>
	<folder>JPEGImages</folder>
	<filename>RealBlur_J_scene173_15.png</filename>
	<path>E:\label\RealBlur_J_images\VOC2007\JPEGImages\RealBlur_J_scene173_15.png</path>
	<source>
		<database>Unknown</database>
	</source>
	<size>
		<width>668</width>
		<height>762</height>
		<depth>3</depth>
	</size>
	<segmented>0</segmented>
	<object>
		<name>bench</name>
		<pose>Unspecified</pose>
		<truncated>0</truncated>
		<difficult>0</difficult>
		<bndbox>
			<xmin>197</xmin>
			<ymin>571</ymin>
			<xmax>541</xmax>
			<ymax>676</ymax>
		</bndbox>
	</object>
</annotation>
