<annotation>
	<folder>JPEGImages</folder>
	<filename>RealBlur_J_scene075_15.png</filename>
	<path>E:\label\RealBlur_J_images\VOC2007\JPEGImages\RealBlur_J_scene075_15.png</path>
	<source>
		<database>Unknown</database>
	</source>
	<size>
		<width>668</width>
		<height>765</height>
		<depth>3</depth>
	</size>
	<segmented>0</segmented>
	<object>
		<name>car</name>
		<pose>Unspecified</pose>
		<truncated>0</truncated>
		<difficult>0</difficult>
		<bndbox>
			<xmin>489</xmin>
			<ymin>467</ymin>
			<xmax>666</xmax>
			<ymax>541</ymax>
		</bndbox>
	</object>
	<object>
		<name>car</name>
		<pose>Unspecified</pose>
		<truncated>0</truncated>
		<difficult>0</difficult>
		<bndbox>
			<xmin>413</xmin>
			<ymin>467</ymin>
			<xmax>526</xmax>
			<ymax>523</ymax>
		</bndbox>
	</object>
	<object>
		<name>car</name>
		<pose>Unspecified</pose>
		<truncated>0</truncated>
		<difficult>0</difficult>
		<bndbox>
			<xmin>15</xmin>
			<ymin>456</ymin>
			<xmax>239</xmax>
			<ymax>522</ymax>
		</bndbox>
	</object>
	<object>
		<name>car</name>
		<pose>Unspecified</pose>
		<truncated>0</truncated>
		<difficult>0</difficult>
		<bndbox>
			<xmin>102</xmin>
			<ymin>449</ymin>
			<xmax>256</xmax>
			<ymax>510</ymax>
		</bndbox>
	</object>
</annotation>
