<annotation>
	<folder>JPEGImages</folder>
	<filename>RealBlur_J_scene188_18.png</filename>
	<path>E:\label\RealBlur_J_images\VOC2007\JPEGImages\RealBlur_J_scene188_18.png</path>
	<source>
		<database>Unknown</database>
	</source>
	<size>
		<width>668</width>
		<height>754</height>
		<depth>3</depth>
	</size>
	<segmented>0</segmented>
	<object>
		<name>motorcycle</name>
		<pose>Unspecified</pose>
		<truncated>1</truncated>
		<difficult>0</difficult>
		<bndbox>
			<xmin>479</xmin>
			<ymin>441</ymin>
			<xmax>668</xmax>
			<ymax>582</ymax>
		</bndbox>
	</object>
</annotation>
