<annotation>
	<folder>JPEGImages</folder>
	<filename>RealBlur_J_scene101_11.png</filename>
	<path>E:\label\RealBlur_J_images\VOC2007\JPEGImages\RealBlur_J_scene101_11.png</path>
	<source>
		<database>Unknown</database>
	</source>
	<size>
		<width>662</width>
		<height>754</height>
		<depth>3</depth>
	</size>
	<segmented>0</segmented>
	<object>
		<name>bicycle</name>
		<pose>Unspecified</pose>
		<truncated>0</truncated>
		<difficult>0</difficult>
		<bndbox>
			<xmin>225</xmin>
			<ymin>262</ymin>
			<xmax>403</xmax>
			<ymax>348</ymax>
		</bndbox>
	</object>
	<object>
		<name>car</name>
		<pose>Unspecified</pose>
		<truncated>1</truncated>
		<difficult>0</difficult>
		<bndbox>
			<xmin>1</xmin>
			<ymin>167</ymin>
			<xmax>223</xmax>
			<ymax>394</ymax>
		</bndbox>
	</object>
	<object>
		<name>motorcycle</name>
		<pose>Unspecified</pose>
		<truncated>0</truncated>
		<difficult>0</difficult>
		<bndbox>
			<xmin>342</xmin>
			<ymin>225</ymin>
			<xmax>409</xmax>
			<ymax>304</ymax>
		</bndbox>
	</object>
</annotation>
