<annotation>
	<folder>JPEGImages</folder>
	<filename>RealBlur_J_scene024_18.png</filename>
	<path>E:\label\RealBlur_J_images\VOC2007\JPEGImages\RealBlur_J_scene024_18.png</path>
	<source>
		<database>Unknown</database>
	</source>
	<size>
		<width>666</width>
		<height>764</height>
		<depth>3</depth>
	</size>
	<segmented>0</segmented>
	<object>
		<name>dining table</name>
		<pose>Unspecified</pose>
		<truncated>0</truncated>
		<difficult>0</difficult>
		<bndbox>
			<xmin>108</xmin>
			<ymin>450</ymin>
			<xmax>316</xmax>
			<ymax>536</ymax>
		</bndbox>
	</object>
	<object>
		<name>dining table</name>
		<pose>Unspecified</pose>
		<truncated>1</truncated>
		<difficult>0</difficult>
		<bndbox>
			<xmin>480</xmin>
			<ymin>480</ymin>
			<xmax>666</xmax>
			<ymax>572</ymax>
		</bndbox>
	</object>
</annotation>
