<annotation>
	<folder>JPEGImages</folder>
	<filename>RealBlur_J_scene071_7.png</filename>
	<path>E:\label\RealBlur_J_images\VOC2007\JPEGImages\RealBlur_J_scene071_7.png</path>
	<source>
		<database>Unknown</database>
	</source>
	<size>
		<width>671</width>
		<height>762</height>
		<depth>3</depth>
	</size>
	<segmented>0</segmented>
	<object>
		<name>person</name>
		<pose>Unspecified</pose>
		<truncated>0</truncated>
		<difficult>0</difficult>
		<bndbox>
			<xmin>52</xmin>
			<ymin>79</ymin>
			<xmax>292</xmax>
			<ymax>352</ymax>
		</bndbox>
	</object>
</annotation>
