<annotation>
	<folder>JPEGImages</folder>
	<filename>RealBlur_J_scene159_18.png</filename>
	<path>E:\label\RealBlur_J_images\VOC2007\JPEGImages\RealBlur_J_scene159_18.png</path>
	<source>
		<database>Unknown</database>
	</source>
	<size>
		<width>659</width>
		<height>763</height>
		<depth>3</depth>
	</size>
	<segmented>0</segmented>
	<object>
		<name>chair</name>
		<pose>Unspecified</pose>
		<truncated>0</truncated>
		<difficult>0</difficult>
		<bndbox>
			<xmin>481</xmin>
			<ymin>382</ymin>
			<xmax>621</xmax>
			<ymax>564</ymax>
		</bndbox>
	</object>
	<object>
		<name>chair</name>
		<pose>Unspecified</pose>
		<truncated>0</truncated>
		<difficult>0</difficult>
		<bndbox>
			<xmin>370</xmin>
			<ymin>383</ymin>
			<xmax>506</xmax>
			<ymax>571</ymax>
		</bndbox>
	</object>
	<object>
		<name>chair</name>
		<pose>Unspecified</pose>
		<truncated>0</truncated>
		<difficult>0</difficult>
		<bndbox>
			<xmin>248</xmin>
			<ymin>386</ymin>
			<xmax>391</xmax>
			<ymax>583</ymax>
		</bndbox>
	</object>
	<object>
		<name>chair</name>
		<pose>Unspecified</pose>
		<truncated>0</truncated>
		<difficult>0</difficult>
		<bndbox>
			<xmin>100</xmin>
			<ymin>386</ymin>
			<xmax>245</xmax>
			<ymax>591</ymax>
		</bndbox>
	</object>
	<object>
		<name>chair</name>
		<pose>Unspecified</pose>
		<truncated>1</truncated>
		<difficult>0</difficult>
		<bndbox>
			<xmin>1</xmin>
			<ymin>390</ymin>
			<xmax>100</xmax>
			<ymax>578</ymax>
		</bndbox>
	</object>
</annotation>
