<annotation>
	<folder>JPEGImages</folder>
	<filename>RealBlur_J_scene122_20.png</filename>
	<path>E:\label\RealBlur_J_images\VOC2007\JPEGImages\RealBlur_J_scene122_20.png</path>
	<source>
		<database>Unknown</database>
	</source>
	<size>
		<width>667</width>
		<height>761</height>
		<depth>3</depth>
	</size>
	<segmented>0</segmented>
	<object>
		<name>truck</name>
		<pose>Unspecified</pose>
		<truncated>1</truncated>
		<difficult>0</difficult>
		<bndbox>
			<xmin>1</xmin>
			<ymin>277</ymin>
			<xmax>588</xmax>
			<ymax>562</ymax>
		</bndbox>
	</object>
</annotation>
