<annotation>
	<folder>JPEGImages</folder>
	<filename>RealBlur_J_scene173_17.png</filename>
	<path>E:\label\RealBlur_J_images\VOC2007\JPEGImages\RealBlur_J_scene173_17.png</path>
	<source>
		<database>Unknown</database>
	</source>
	<size>
		<width>666</width>
		<height>758</height>
		<depth>3</depth>
	</size>
	<segmented>0</segmented>
	<object>
		<name>bench</name>
		<pose>Unspecified</pose>
		<truncated>0</truncated>
		<difficult>0</difficult>
		<bndbox>
			<xmin>304</xmin>
			<ymin>570</ymin>
			<xmax>654</xmax>
			<ymax>684</ymax>
		</bndbox>
	</object>
</annotation>
