<annotation>
	<folder>JPEGImages</folder>
	<filename>RealBlur_J_scene071_6.png</filename>
	<path>E:\label\RealBlur_J_images\VOC2007\JPEGImages\RealBlur_J_scene071_6.png</path>
	<source>
		<database>Unknown</database>
	</source>
	<size>
		<width>669</width>
		<height>763</height>
		<depth>3</depth>
	</size>
	<segmented>0</segmented>
	<object>
		<name>person</name>
		<pose>Unspecified</pose>
		<truncated>0</truncated>
		<difficult>0</difficult>
		<bndbox>
			<xmin>76</xmin>
			<ymin>122</ymin>
			<xmax>310</xmax>
			<ymax>385</ymax>
		</bndbox>
	</object>
</annotation>
