<annotation>
	<folder>JPEGImages</folder>
	<filename>RealBlur_J_scene194_13.png</filename>
	<path>E:\label\RealBlur_J_images\VOC2007\JPEGImages\RealBlur_J_scene194_13.png</path>
	<source>
		<database>Unknown</database>
	</source>
	<size>
		<width>665</width>
		<height>764</height>
		<depth>3</depth>
	</size>
	<segmented>0</segmented>
	<object>
		<name>chair</name>
		<pose>Unspecified</pose>
		<truncated>0</truncated>
		<difficult>0</difficult>
		<bndbox>
			<xmin>98</xmin>
			<ymin>373</ymin>
			<xmax>267</xmax>
			<ymax>616</ymax>
		</bndbox>
	</object>
	<object>
		<name>chair</name>
		<pose>Unspecified</pose>
		<truncated>0</truncated>
		<difficult>0</difficult>
		<bndbox>
			<xmin>298</xmin>
			<ymin>373</ymin>
			<xmax>464</xmax>
			<ymax>610</ymax>
		</bndbox>
	</object>
	<object>
		<name>chair</name>
		<pose>Unspecified</pose>
		<truncated>0</truncated>
		<difficult>0</difficult>
		<bndbox>
			<xmin>480</xmin>
			<ymin>364</ymin>
			<xmax>657</xmax>
			<ymax>605</ymax>
		</bndbox>
	</object>
</annotation>
